player_id,match_id,minutes_played,goals,assists,total_shots,xg,xa,shots_on_target,successful_dribbles,big_chances_missed,touches_opposition_box,touches,accurate_passes,accurate_passes_percent,chances_created,final_third_passes,accurate_crosses,accurate_crosses_percent,accurate_long_balls,accurate_long_balls_percent,tackles_won,interceptions,recoveries,blocks,clearances,headed_clearances,dribbled_past,duels_won,duels_lost,ground_duels_won,ground_duels_won_percent,aerial_duels_won,aerial_duels_won_percent,was_fouled,fouls_committed,saves,goals_conceded,xgot_faced,goals_prevented,sweeper_actions,gk_accurate_passes,gk_accurate_long_balls,dispossessed,high_claim,corners,saves_inside_box,offsides,successful_dribbles_percent,tackles_won_percent,xgot,tackles,start_min,finish_min,team_goals_conceded,penalties_scored,penalties_missed,top_speed,distance_covered,walking_distance,running_distance,sprinting_distance,number_of_sprints,defensive_contributions
661,25-26-prem-liverpool-vs-manchester-city,90,0,0,3,0.59,0.03,0,0,1,10,30,9,0.0,1.0,0,0,0.0,0,0.0,0,0,1,0,2,1,0,4,5,2,0.0,2,0.0,1,1,0,0,0.0,0.0,0,0,0,0.0,0,0,0,0,0.0,0.0,0.0,1,0,90,2,0,0,0.0,0.0,0.0,0.0,0.0,0.0,0.0
386,25-26-prem-liverpool-vs-manchester-city,90,0,0,1,0.03,0.02,1,0,0,1,35,24,0.0,2.0,3,0,0.0,2,0.0,0,0,3,0,0,0,1,1,4,1,0.0,0,0.0,1,0,0,0,0.0,0.0,0,0,0,0.0,0,0,0,0,0.0,0.0,0.18,0,0,90,2,0,0,0.0,0.0,0.0,0.0,0.0,0.0,0.0
382,25-26-prem-liverpool-vs-manchester-city,90,0,0,1,0.16,0.03,0,0,0,3,46,25,0.0,1.0,5,0,0.0,2,0.0,0,1,2,0,0,0,0,4,4,4,0.0,0,0.0,2,0,0,0,0.0,0.0,0,0,0,0.0,0,0,0,0,0.0,0.0,0.0,2,0,90,2,0,0,0.0,0.0,0.0,0.0,0.0,0.0,0.0
417,25-26-prem-liverpool-vs-manchester-city,29,0,0,1,0.06,0.02,0,0,0,0,26,13,0.0,0.0,4,0,0.0,1,0.0,0,0,1,0,0,0,0,4,4,3,0.0,1,0.0,1,1,0,0,0.0,0.0,0,0,0,0.0,0,0,0,0,0.0,0.0,0.0,2,0,90,1,0,0,0.0,0.0,0.0,0.0,0.0,0.0,0.0
52,25-26-efl-cup-newcastle-united-vs-manchester-city,90,0,0,1,0.01,0.01,0,0,0,0,44,32,0.0,0.0,3,0,0.0,2,0.0,0,1,2,0,0,0,1,4,6,4,0.0,0,0.0,1,2,0,0,0.0,0.0,0,0,0,0.0,0,0,0,0,0.0,0.0,0.0,3,0,90,3,0,0,0.0,0.0,0.0,0.0,0.0,0.0,0.0
500,25-26-efl-cup-newcastle-united-vs-manchester-city,14,0,0,0,0.0,0.03,0,0,0,0,5,1,0.0,1.0,0,0,0.0,0,0.0,0,0,0,0,0,0,0,1,1,1,0.0,0,0.0,1,0,0,0,0.0,0.0,0,0,0,0.0,0,0,0,0,0.0,0.0,0.0,0,0,90,3,0,0,0.0,0.0,0.0,0.0,0.0,0.0,0.0
714,25-26-efl-cup-newcastle-united-vs-manchester-city,45,0,0,0,0.0,0.01,0,0,0,0,12,7,0.0,0.0,1,0,0.0,2,0.0,0,0,0,0,1,0,0,0,1,0,0.0,0,0.0,0,0,0,0,0.0,0.0,0,0,0,0.0,0,0,0,0,0.0,0.0,0.0,0,0,0,3,0,0,0.0,0.0,0.0,0.0,0.0,0.0,0.0
135,25-26-efl-cup-newcastle-united-vs-manchester-city,45,0,0,1,0.12,0.0,0,0,1,1,8,3,0.0,0.0,0,0,0.0,0,0.0,0,0,0,0,0,0,0,1,2,1,0.0,0,0.0,1,1,0,0,0.0,0.0,0,0,0,0.0,0,0,0,0,0.0,0.0,0.0,0,0,90,3,0,0,0.0,0.0,0.0,0.0,0.0,0.0,0.0
366,25-26-prem-liverpool-vs-manchester-city,90,0,0,0,0.0,0.0,0,0,0,0,50,28,0.0,0.0,5,0,0.0,9,0.0,0,0,11,0,0,0,0,0,2,0,0.0,0,0.0,0,1,5,2,1.99,-0.01,1,28,9,0.0,0,0,0,0,0.0,0.0,0.0,0,0,90,2,0,0,0.0,0.0,0.0,0.0,0.0,0.0,0.0
405,25-26-prem-liverpool-vs-manchester-city,1,0,0,0,0.0,0.0,0,0,0,0,2,0,0.0,1.0,0,0,0.0,0,0.0,0,0,0,0,2,1,0,0,0,0,0.0,0,0.0,0,0,0,0,0.0,0.0,0,0,0,0.0,0,0,0,0,0.0,0.0,0.0,0,6,90,0,0,0,0.0,0.0,0.0,0.0,0.0,0.0,0.0
385,25-26-prem-liverpool-vs-manchester-city,1,0,0,1,0.01,0.01,1,1,0,2,9,3,0.0,0.0,1,0,0.0,0,0.0,0,0,0,0,0,0,0,1,2,1,0.0,0,0.0,0,0,0,0,0.0,0.0,0,0,0,0.0,0,0,0,0,0.0,0.0,0.05,0,4,90,0,0,0,0.0,0.0,0.0,0.0,0.0,0.0,0.0
21,25-26-prem-arsenal-vs-sunderland,90,0,0,1,0.03,0.16,0,0,0,1,78,54,0.0,3.0,8,0,0.0,4,0.0,0,4,8,0,1,0,0,1,0,0,0.0,1,0.0,0,0,0,0,0.0,0.0,0,0,0,0.0,0,0,0,0,0.0,0.0,0.0,0,0,90,0,0,0,0.0,0.0,0.0,0.0,0.0,0.0,0.0
388,25-26-prem-liverpool-vs-manchester-city,5,0,0,0,0.0,0.01,0,0,0,0,8,7,0.0,0.0,1,0,0.0,1,0.0,0,0,2,0,0,0,0,0,1,0,0.0,0,0.0,0,0,0,0,0.0,0.0,0,0,0,0.0,0,0,0,0,0.0,0.0,0.0,0,0,90,2,0,0,0.0,0.0,0.0,0.0,0.0,0.0,0.0
235,25-26-prem-wolverhampton-wanderers-vs-chelsea,61,3,0,3,1.79,0.01,3,1,0,4,43,29,0.0,0.0,3,0,0.0,1,0.0,0,0,0,0,1,0,0,1,3,1,0.0,0,0.0,0,0,0,0,0.0,0.0,0,0,0,0.0,0,0,0,0,0.0,0.0,2.26,0,0,0,1,2,0,0.0,0.0,0.0,0.0,0.0,0.0,0.0
241,25-26-prem-wolverhampton-wanderers-vs-chelsea,90,0,0,1,0.08,0.05,0,0,0,0,116,97,0.0,2.0,9,0,0.0,2,0.0,0,2,9,1,2,0,2,8,5,8,0.0,0,0.0,1,2,0,0,0.0,0.0,0,0,0,0.0,0,0,0,0,0.0,0.0,0.0,7,0,90,1,0,0,0.0,0.0,0.0,0.0,0.0,0.0,0.0
224,25-26-prem-wolverhampton-wanderers-vs-chelsea,90,0,1,1,0.11,0.34,0,0,0,6,91,67,0.0,2.0,1,0,0.0,1,0.0,0,2,2,0,6,4,3,4,5,1,0.0,3,0.0,0,2,0,0,0.0,0.0,0,0,0,0.0,0,0,0,0,0.0,0.0,0.0,1,0,90,1,0,0,0.0,0.0,0.0,0.0,0.0,0.0,0.0
485,25-26-efl-cup-newcastle-united-vs-manchester-city,44,0,0,1,0.41,0.06,1,0,1,1,22,13,0.0,0.0,1,0,0.0,0,0.0,0,0,1,0,0,0,0,1,2,1,0.0,0,0.0,1,0,0,0,0.0,0.0,0,0,0,0.0,0,0,0,0,0.0,0.0,0.21,0,0,0,3,0,0,0.0,0.0,0.0,0.0,0.0,0.0,0.0
249,25-26-prem-wolverhampton-wanderers-vs-chelsea,75,0,0,2,0.06,0.0,0,4,0,5,29,6,0.0,0.0,0,0,0.0,0,0.0,0,0,2,1,2,1,0,8,5,8,0.0,0,0.0,3,2,0,0,0.0,0.0,0,0,0,0.0,0,0,0,0,0.0,0.0,0.0,1,0,0,1,0,0,0.0,0.0,0.0,0.0,0.0,0.0,0.0
230,25-26-prem-wolverhampton-wanderers-vs-chelsea,90,0,0,0,0.0,0.01,0,1,0,0,103,92,0.0,0.0,4,0,0.0,2,0.0,0,1,4,1,5,3,0,3,2,1,0.0,2,0.0,0,0,0,0,0.0,0.0,0,0,0,0.0,0,0,0,0,0.0,0.0,0.0,0,0,90,1,0,0,0.0,0.0,0.0,0.0,0.0,0.0,0.0
236,25-26-prem-wolverhampton-wanderers-vs-chelsea,90,0,0,3,0.54,0.03,0,1,1,5,55,31,0.0,0.0,1,0,0.0,2,0.0,0,0,6,0,1,0,1,3,4,3,0.0,0,0.0,1,0,0,0,0.0,0.0,0,0,0,0.0,0,0,0,0,0.0,0.0,0.0,1,0,90,1,0,0,0.0,0.0,0.0,0.0,0.0,0.0,0.0
449,25-26-prem-manchester-united-vs-tottenham-hotspur,90,1,0,8,0.72,0.51,2,1,0,4,84,52,0.0,6.0,8,2,0.0,3,0.0,0,0,3,0,0,0,0,2,2,2,0.0,0,0.0,1,1,0,0,0.0,0.0,0,0,0,0.0,0,0,0,0,0.0,0.0,0.34,0,0,90,0,0,0,0.0,0.0,0.0,0.0,0.0,0.0,0.0
458,25-26-prem-manchester-united-vs-tottenham-hotspur,89,0,1,0,0.0,0.22,0,2,0,3,100,79,0.0,4.0,10,1,0.0,0,0.0,0,0,4,0,1,1,0,8,6,6,0.0,2,0.0,2,1,0,0,0.0,0.0,0,0,0,0.0,0,0,0,0,0.0,0.0,0.0,2,0,2,0,0,0,0.0,0.0,0.0,0.0,0.0,0.0,0.0
440,25-26-prem-manchester-united-vs-tottenham-hotspur,90,0,1,2,0.04,0.1,1,1,0,0,80,59,0.0,2.0,9,1,0.0,1,0.0,0,0,3,1,1,0,3,6,5,6,0.0,0,0.0,1,2,0,0,0.0,0.0,0,0,0,0.0,0,0,0,0,0.0,0.0,0.12,4,0,90,0,0,0,0.0,0.0,0.0,0.0,0.0,0.0,0.0
437,25-26-prem-manchester-united-vs-tottenham-hotspur,90,0,0,0,0.0,0.06,0,1,0,0,120,103,0.0,0.0,21,0,0.0,2,0.0,0,2,7,0,4,1,0,4,4,4,0.0,0,0.0,1,3,0,0,0.0,0.0,0,0,0,0.0,0,0,0,0,0.0,0.0,0.0,2,0,90,0,0,0,0.0,0.0,0.0,0.0,0.0,0.0,0.0
452,25-26-prem-manchester-united-vs-tottenham-hotspur,90,0,0,1,0.02,0.17,1,3,0,8,59,37,0.0,3.0,4,0,0.0,2,0.0,0,0,2,0,0,0,0,7,5,7,0.0,0,0.0,2,1,0,0,0.0,0.0,0,0,0,0.0,0,0,0,0,0.0,0.0,0.09,2,0,90,0,0,0,0.0,0.0,0.0,0.0,0.0,0.0,0.0
733,25-26-prem-manchester-united-vs-tottenham-hotspur,90,0,0,0,0.0,0.0,0,0,0,0,23,14,0.0,0.0,4,0,0.0,2,0.0,0,0,7,0,1,0,0,0,0,0,0.0,0,0.0,0,0,1,0,0.19,0.19,1,14,2,0.0,1,0,0,0,0.0,0.0,0.0,0,0,90,0,0,0,0.0,0.0,0.0,0.0,0.0,0.0,0.0
119,25-26-prem-manchester-united-vs-tottenham-hotspur,87,1,0,3,0.26,0.04,1,0,0,6,53,26,0.0,0.0,0,1,0.0,0,0.0,0,1,3,0,0,0,0,2,5,2,0.0,0,0.0,1,1,0,0,0.0,0.0,0,0,0,0.0,0,0,0,0,0.0,0.0,0.41,1,0,0,0,0,0,0.0,0.0,0.0,0.0,0.0,0.0,0.0
450,25-26-prem-manchester-united-vs-tottenham-hotspur,75,0,0,1,0.03,0.06,0,0,0,3,36,20,0.0,1.0,2,0,0.0,0,0.0,0,0,1,0,0,0,0,4,2,4,0.0,0,0.0,1,0,0,0,0.0,0.0,0,0,0,0.0,0,0,0,0,0.0,0.0,0.0,3,0,0,0,0,0,0.0,0.0,0.0,0.0,0.0,0.0,0.0
587,25-26-prem-manchester-united-vs-tottenham-hotspur,10,0,0,0,0.0,0.0,0,0,0,0,6,2,0.0,0.0,2,0,0.0,0,0.0,0,0,0,0,1,0,1,1,1,1,0.0,0,0.0,0,0,0,0,0.0,0.0,0,0,0,0.0,0,0,0,0,0.0,0.0,0.0,1,0,90,2,0,0,0.0,0.0,0.0,0.0,0.0,0.0,0.0
591,25-26-prem-manchester-united-vs-tottenham-hotspur,90,0,0,0,0.0,0.02,0,0,0,0,47,28,0.0,0.0,6,0,0.0,2,0.0,0,1,2,1,4,2,0,2,3,1,0.0,1,0.0,1,0,0,0,0.0,0.0,0,0,0,0.0,0,0,0,0,0.0,0.0,0.0,0,0,90,2,0,0,0.0,0.0,0.0,0.0,0.0,0.0,0.0
2,25-26-efl-cup-chelsea-vs-arsenal,90,0,0,0,0.0,0.01,0,0,0,0,48,27,0.0,0.0,3,0,0.0,3,0.0,0,0,6,0,4,0,0,0,0,0,0.0,0,0.0,0,0,2,0,0.17,0.17,1,27,3,0.0,0,0,0,0,0.0,0.0,0.0,0,0,90,0,0,0,0.0,0.0,0.0,0.0,0.0,0.0,0.0
5,25-26-efl-cup-chelsea-vs-arsenal,90,0,0,1,0.08,0.03,0,0,0,2,90,71,0.0,2.0,9,0,0.0,6,0.0,0,0,5,0,4,2,0,8,4,4,0.0,4,0.0,2,3,0,0,0.0,0.0,0,0,0,0.0,0,0,0,0,0.0,0.0,0.0,2,0,90,0,0,0,0.0,0.0,0.0,0.0,0.0,0.0,0.0
725,25-26-efl-cup-chelsea-vs-arsenal,90,0,0,1,0.02,0.0,1,1,0,1,49,23,0.0,0.0,2,0,0.0,0,0.0,0,0,3,0,4,1,0,8,2,7,0.0,1,0.0,1,1,0,0,0.0,0.0,0,0,0,0.0,0,0,0,0,0.0,0.0,0.26,5,0,90,0,0,0,0.0,0.0,0.0,0.0,0.0,0.0,0.0
21,25-26-efl-cup-chelsea-vs-arsenal,90,0,1,0,0.0,0.03,0,0,0,0,84,60,0.0,1.0,7,0,0.0,4,0.0,0,2,4,0,2,1,0,1,4,1,0.0,0,0.0,0,2,0,0,0.0,0.0,0,0,0,0.0,0,0,0,0,0.0,0.0,0.0,1,0,90,0,0,0,0.0,0.0,0.0,0.0,0.0,0.0,0.0
30,25-26-efl-cup-chelsea-vs-arsenal,21,1,0,1,0.65,0.0,1,1,0,2,13,6,0.0,0.0,2,0,0.0,0,0.0,0,0,1,1,0,0,0,2,3,1,0.0,1,0.0,0,0,0,0,0.0,0.0,0,0,0,0.0,0,0,0,0,0.0,0.0,0.94,0,0,90,0,0,0,0.0,0.0,0.0,0.0,0.0,0.0,0.0
8,25-26-efl-cup-chelsea-vs-arsenal,90,0,0,0,0.0,0.0,0,0,0,1,47,30,0.0,0.0,4,0,0.0,0,0.0,0,2,1,0,2,2,0,3,3,3,0.0,0,0.0,2,1,0,0,0.0,0.0,0,0,0,0.0,0,0,0,0,0.0,0.0,0.0,1,0,90,0,0,0,0.0,0.0,0.0,0.0,0.0,0.0,0.0
224,25-26-efl-cup-chelsea-vs-arsenal,90,0,0,1,0.02,0.01,0,0,0,2,41,22,0.0,2.0,3,0,0.0,2,0.0,0,0,8,1,2,2,0,5,2,2,0.0,3,0.0,1,1,0,0,0.0,0.0,0,0,0,0.0,0,0,0,0,0.0,0.0,0.0,1,0,90,1,0,0,0.0,0.0,0.0,0.0,0.0,0.0,0.0
26,25-26-efl-cup-chelsea-vs-arsenal,90,0,0,0,0.0,0.27,0,1,0,2,45,32,0.0,2.0,7,0,0.0,1,0.0,0,0,3,1,1,1,1,4,5,3,0.0,1,0.0,0,2,0,0,0.0,0.0,0,0,0,0.0,0,0,0,0,0.0,0.0,0.0,2,0,90,0,0,0,0.0,0.0,0.0,0.0,0.0,0.0,0.0
6,25-26-efl-cup-chelsea-vs-arsenal,90,0,0,0,0.0,0.01,0,1,0,0,63,52,0.0,0.0,6,0,0.0,0,0.0,0,0,1,0,1,0,0,4,3,3,0.0,1,0.0,0,2,0,0,0.0,0.0,0,0,0,0.0,0,0,0,0,0.0,0.0,0.0,2,0,90,0,0,0,0.0,0.0,0.0,0.0,0.0,0.0,0.0
237,25-26-efl-cup-chelsea-vs-arsenal,90,0,0,3,0.13,0.4,1,0,0,0,75,55,0.0,2.0,10,3,0.0,4,0.0,0,0,3,0,0,0,2,2,2,2,0.0,0,0.0,1,0,0,0,0.0,0.0,0,0,0,0.0,0,0,0,0,0.0,0.0,0.16,1,0,90,1,0,0,0.0,0.0,0.0,0.0,0.0,0.0,0.0
230,25-26-efl-cup-chelsea-vs-arsenal,90,0,0,2,0.13,0.01,0,1,0,7,72,46,0.0,0.0,6,0,0.0,1,0.0,0,0,3,0,4,2,0,7,4,1,0.0,6,0.0,0,1,0,0,0.0,0.0,0,0,0,0.0,0,0,0,0,0.0,0.0,0.0,0,0,90,1,0,0,0.0,0.0,0.0,0.0,0.0,0.0,0.0
226,25-26-efl-cup-chelsea-vs-arsenal,90,0,0,2,0.03,0.01,0,0,0,0,97,77,0.0,0.0,5,0,0.0,2,0.0,0,1,1,0,6,4,0,4,2,1,0.0,3,0.0,0,1,0,0,0.0,0.0,0,0,0,0.0,0,0,0,0,0.0,0.0,0.0,1,0,90,1,0,0,0.0,0.0,0.0,0.0,0.0,0.0,0.0
241,25-26-efl-cup-chelsea-vs-arsenal,90,0,0,0,0.0,0.1,0,0,0,0,78,61,0.0,1.0,6,1,0.0,1,0.0,0,1,3,0,0,0,0,4,0,4,0.0,0,0.0,2,0,0,0,0.0,0.0,0,0,0,0.0,0,0,0,0,0.0,0.0,0.0,2,0,90,1,0,0,0.0,0.0,0.0,0.0,0.0,0.0,0.0
266,25-26-efl-cup-chelsea-vs-arsenal,90,0,0,0,0.0,0.01,0,0,1,0,32,21,0.0,1.0,2,0,0.0,0,0.0,0,0,5,1,0,0,1,2,4,2,0.0,0,0.0,1,0,0,0,0.0,0.0,0,0,0,0.0,0,0,0,0,0.0,0.0,0.0,1,0,90,0,0,0,0.0,0.0,0.0,0.0,0.0,0.0,0.0
220,25-26-efl-cup-chelsea-vs-arsenal,90,0,0,0,0.0,0.0,0,0,0,0,49,28,0.0,0.0,8,0,0.0,9,0.0,0,0,11,0,0,0,0,0,1,0,0.0,0,0.0,0,0,1,1,1.2,0.2,1,28,9,0.0,1,0,0,0,0.0,0.0,0.0,0,0,90,1,0,0,0.0,0.0,0.0,0.0,0.0,0.0,0.0
666,25-26-efl-cup-chelsea-vs-arsenal,69,0,0,1,0.02,0.0,0,0,0,2,10,1,0.0,0.0,0,0,0.0,0,0.0,0,0,3,0,0,0,0,2,1,1,0.0,1,0.0,1,0,0,0,0.0,0.0,0,0,0,0.0,0,0,0,0,0.0,0.0,0.0,0,0,0,0,0,0,0.0,0.0,0.0,0.0,0.0,0.0,0.0
246,25-26-efl-cup-chelsea-vs-arsenal,75,0,0,0,0.0,0.02,0,0,0,1,51,43,0.0,0.0,3,0,0.0,0,0.0,0,1,4,1,0,0,0,3,0,2,0.0,1,0.0,1,0,0,0,0.0,0.0,0,0,0,0.0,0,0,0,0,0.0,0.0,0.0,1,0,0,0,0,0,0.0,0.0,0.0,0.0,0.0,0.0,0.0
19,25-26-efl-cup-chelsea-vs-arsenal,90,0,0,1,0.14,0.0,0,0,0,4,31,9,0.0,0.0,0,0,0.0,0,0.0,0,0,2,1,1,1,1,4,7,2,0.0,2,0.0,1,2,0,0,0.0,0.0,0,0,0,0.0,0,0,0,0,0.0,0.0,0.0,1,0,90,0,0,0,0.0,0.0,0.0,0.0,0.0,0.0,0.0
672,25-26-efl-cup-chelsea-vs-arsenal,60,0,0,1,0.02,0.0,0,0,0,0,32,27,0.0,0.0,2,0,0.0,0,0.0,0,0,0,0,3,1,0,1,1,0,0.0,1,0.0,0,1,0,0,0.0,0.0,0,0,0,0.0,0,0,0,0,0.0,0.0,0.0,0,0,0,0,0,0,0.0,0.0,0.0,0.0,0.0,0.0,0.0
228,25-26-efl-cup-chelsea-vs-arsenal,87,0,0,0,0.0,0.01,0,0,0,1,59,33,0.0,0.0,4,0,0.0,1,0.0,0,1,3,1,1,1,0,4,5,4,0.0,0,0.0,1,2,0,0,0.0,0.0,0,0,0,0.0,0,0,0,0,0.0,0.0,0.0,3,0,0,0,0,0,0.0,0.0,0.0,0.0,0.0,0.0,0.0
18,25-26-efl-cup-chelsea-vs-arsenal,69,0,0,0,0.0,0.01,0,0,0,1,23,8,0.0,0.0,2,0,0.0,0,0.0,0,0,2,0,1,0,0,2,4,2,0.0,0,0.0,2,0,0,0,0.0,0.0,0,0,0,0.0,0,0,0,0,0.0,0.0,0.0,0,0,0,0,0,0,0.0,0.0,0.0,0.0,0.0,0.0,0.0
453,25-26-efl-cup-chelsea-vs-arsenal,15,0,0,0,0.0,0.0,0,0,0,0,12,9,0.0,0.0,0,0,0.0,0,0.0,0,0,2,0,0,0,0,0,1,0,0.0,0,0.0,0,0,0,0,0.0,0.0,0,0,0,0.0,0,0,0,0,0.0,0.0,0.0,0,0,90,1,0,0,0.0,0.0,0.0,0.0,0.0,0.0,0.0
20,25-26-efl-cup-chelsea-vs-arsenal,21,0,0,0,0.0,0.0,0,0,0,0,19,7,0.0,0.0,1,0,0.0,0,0.0,0,0,2,0,1,0,0,1,3,1,0.0,0,0.0,1,1,0,0,0.0,0.0,0,0,0,0.0,0,0,0,0,0.0,0.0,0.0,0,0,90,0,0,0,0.0,0.0,0.0,0.0,0.0,0.0,0.0
249,25-26-efl-cup-chelsea-vs-arsenal,90,0,0,1,0.02,0.05,0,1,0,4,41,18,0.0,0.0,3,0,0.0,0,0.0,0,0,1,0,1,0,0,6,7,5,0.0,1,0.0,4,2,0,0,0.0,0.0,0,0,0,0.0,0,0,0,0,0.0,0.0,0.0,0,0,90,1,0,0,0.0,0.0,0.0,0.0,0.0,0.0,0.0
235,25-26-efl-cup-chelsea-vs-arsenal,30,0,0,1,0.13,0.02,0,0,0,0,25,18,0.0,1.0,3,0,0.0,0,0.0,0,0,1,0,0,0,0,0,2,0,0.0,0,0.0,0,0,0,0,0.0,0.0,0,0,0,0.0,0,0,0,0,0.0,0.0,0.0,0,0,90,1,0,0,0.0,0.0,0.0,0.0,0.0,0.0,0.0
238,25-26-efl-cup-chelsea-vs-arsenal,30,0,0,0,0.0,0.08,0,0,0,2,22,12,0.0,1.0,1,1,0.0,0,0.0,0,0,0,0,0,0,0,1,5,1,0.0,0,0.0,1,1,0,0,0.0,0.0,0,0,0,0.0,0,0,0,0,0.0,0.0,0.0,0,0,90,1,0,0,0.0,0.0,0.0,0.0,0.0,0.0,0.0
250,25-26-efl-cup-chelsea-vs-arsenal,60,0,0,2,0.19,0.01,0,1,1,2,26,8,0.0,0.0,0,0,0.0,0,0.0,0,0,0,0,0,0,1,4,8,4,0.0,0,0.0,2,3,0,0,0.0,0.0,0,0,0,0.0,0,0,0,0,0.0,0.0,0.0,1,0,0,0,0,0,0.0,0.0,0.0,0.0,0.0,0.0,0.0
233,25-26-efl-cup-chelsea-vs-arsenal,3,0,0,1,0.01,0.0,1,0,0,1,3,1,0.0,0.0,1,0,0.0,0,0.0,0,0,0,0,0,0,0,2,1,1,0.0,1,0.0,1,0,0,0,0.0,0.0,0,0,0,0.0,0,0,0,0,0.0,0.0,0.01,0,0,90,1,0,0,0.0,0.0,0.0,0.0,0.0,0.0,0.0
588,25-26-prem-manchester-united-vs-tottenham-hotspur,32,0,0,0,0.0,0.01,0,0,0,0,13,8,0.0,1.0,0,0,0.0,0,0.0,0,0,3,0,1,0,0,0,2,0,0.0,0,0.0,0,0,0,0,0.0,0.0,0,0,0,0.0,0,0,0,0,0.0,0.0,0.0,0,0,0,2,0,0,0.0,0.0,0.0,0.0,0.0,0.0,0.0
673,25-26-prem-manchester-united-vs-tottenham-hotspur,80,0,0,1,0.03,0.02,0,0,0,1,42,23,0.0,0.0,1,0,0.0,0,0.0,0,1,1,0,3,2,2,3,7,3,0.0,0,0.0,0,1,0,0,0.0,0.0,0,0,0,0.0,0,0,0,0,0.0,0.0,0.0,3,0,0,2,0,0,0.0,0.0,0.0,0.0,0.0,0.0,0.0
596,25-26-prem-manchester-united-vs-tottenham-hotspur,80,0,0,0,0.0,0.03,0,0,0,6,23,9,0.0,0.0,1,0,0.0,1,0.0,0,0,1,0,2,2,0,4,6,2,0.0,2,0.0,1,1,0,0,0.0,0.0,0,0,0,0.0,0,0,0,0,0.0,0.0,0.0,1,0,0,2,0,0,0.0,0.0,0.0,0.0,0.0,0.0,0.0
220,25-26-prem-wolverhampton-wanderers-vs-chelsea,90,0,0,0,0.0,0.0,0,0,0,0,59,43,0.0,0.0,3,0,0.0,5,0.0,0,0,11,0,0,0,0,1,0,1,0.0,0,0.0,1,0,2,1,0.7,-0.3,2,43,5,0.0,1,0,0,0,0.0,0.0,0.0,0,0,90,1,0,0,0.0,0.0,0.0,0.0,0.0,0.0,0.0
438,25-26-prem-manchester-united-vs-tottenham-hotspur,3,0,0,1,0.04,0.0,0,0,0,3,11,7,0.0,0.0,0,0,0.0,0,0.0,0,0,2,0,0,0,0,0,0,0,0.0,0,0.0,0,0,0,0,0.0,0.0,0,0,0,0.0,0,0,0,0,0.0,0.0,0.0,0,0,90,0,0,0,0.0,0.0,0.0,0.0,0.0,0.0,0.0
466,25-26-prem-manchester-united-vs-tottenham-hotspur,3,0,0,0,0.0,0.0,0,0,0,1,8,5,0.0,0.0,0,0,0.0,0,0.0,0,0,0,0,0,0,0,0,1,0,0.0,0,0.0,0,0,0,0,0.0,0.0,0,0,0,0.0,0,0,0,0,0.0,0.0,0.0,0,0,90,0,0,0,0.0,0.0,0.0,0.0,0.0,0.0,0.0
459,25-26-prem-manchester-united-vs-tottenham-hotspur,3,0,0,0,0.0,0.0,0,0,0,0,12,9,0.0,0.0,0,0,0.0,0,0.0,0,0,1,1,0,0,1,0,1,0,0.0,0,0.0,0,0,0,0,0.0,0.0,0,0,0,0.0,0,0,0,0,0.0,0.0,0.0,0,0,90,0,0,0,0.0,0.0,0.0,0.0,0.0,0.0,0.0
287,25-26-prem-fulham-vs-everton,90,0,0,0,0.0,0.0,0,0,0,0,36,23,0.0,0.0,5,0,0.0,7,0.0,0,0,3,0,2,0,0,0,0,0,0.0,0,0.0,0,0,3,1,1.67,1.67,0,23,7,0.0,0,0,0,0,0.0,0.0,0.0,0,0,90,1,0,0,0.0,0.0,0.0,0.0,0.0,0.0,0.0
242,25-26-prem-fulham-vs-everton,89,1,0,2,0.22,0.36,1,0,0,4,44,26,0.0,3.0,3,0,0.0,2,0.0,0,0,4,0,1,0,0,1,4,1,0.0,0,0.0,1,1,0,0,0.0,0.0,0,0,0,0.0,0,0,0,0,0.0,0.0,0.6,0,0,5,1,0,0,0.0,0.0,0.0,0.0,0.0,0.0,0.0
303,25-26-prem-fulham-vs-everton,90,0,0,1,0.03,0.56,1,0,0,0,67,41,0.0,4.0,6,4,0.0,4,0.0,0,3,4,0,3,0,0,5,4,4,0.0,1,0.0,0,2,0,0,0.0,0.0,0,0,0,0.0,0,0,0,0,0.0,0.0,0.04,4,0,90,1,0,0,0.0,0.0,0.0,0.0,0.0,0.0,0.0
293,25-26-prem-fulham-vs-everton,90,0,0,1,0.15,0.06,0,0,0,3,55,23,0.0,1.0,8,1,0.0,1,0.0,0,1,5,1,5,4,0,8,5,4,0.0,4,0.0,1,1,0,0,0.0,0.0,0,0,0,0.0,0,0,0,0,0.0,0.0,0.0,3,0,90,1,0,0,0.0,0.0,0.0,0.0,0.0,0.0,0.0
302,25-26-prem-fulham-vs-everton,90,0,0,2,0.05,0.04,1,0,0,1,67,49,0.0,1.0,7,0,0.0,2,0.0,0,1,6,0,1,0,0,4,3,3,0.0,1,0.0,2,1,0,0,0.0,0.0,0,0,0,0.0,0,0,0,0,0.0,0.0,0.09,1,0,90,1,0,0,0.0,0.0,0.0,0.0,0.0,0.0,0.0
295,25-26-prem-fulham-vs-everton,90,0,0,1,0.11,0.0,0,1,0,2,54,38,0.0,0.0,1,0,0.0,2,0.0,0,0,3,1,7,3,0,6,6,3,0.0,3,0.0,0,2,0,0,0.0,0.0,0,0,0,0.0,0,0,0,0,0.0,0.0,0.0,2,0,90,1,0,0,0.0,0.0,0.0,0.0,0.0,0.0,0.0
325,25-26-prem-fulham-vs-everton,83,0,0,2,0.46,0.17,1,0,1,4,46,28,0.0,1.0,2,0,0.0,1,0.0,0,0,1,0,1,0,0,5,3,5,0.0,0,0.0,3,0,0,0,0.0,0.0,0,0,0,0.0,0,0,0,0,0.0,0.0,0.47,2,0,0,2,0,0,0.0,0.0,0.0,0.0,0.0,0.0,0.0
305,25-26-prem-fulham-vs-everton,69,0,0,2,0.37,0.01,0,0,1,2,42,19,0.0,1.0,3,0,0.0,2,0.0,0,0,3,0,1,1,1,8,3,7,0.0,1,0.0,5,0,0,0,0.0,0.0,0,0,0,0.0,0,0,0,0,0.0,0.0,0.0,2,0,0,1,0,0,0.0,0.0,0.0,0.0,0.0,0.0,0.0
324,25-26-prem-fulham-vs-everton,90,0,0,0,0.0,0.53,0,1,0,2,87,68,0.0,2.0,12,3,0.0,2,0.0,0,0,5,0,1,0,0,4,1,4,0.0,0,0.0,1,0,0,0,0.0,0.0,0,0,0,0.0,0,0,0,0,0.0,0.0,0.0,2,0,90,2,0,0,0.0,0.0,0.0,0.0,0.0,0.0,0.0
299,25-26-prem-fulham-vs-everton,90,0,0,1,0.07,0.03,0,0,0,1,53,36,0.0,1.0,3,0,0.0,0,0.0,0,0,7,0,0,0,0,3,5,3,0.0,0,0.0,0,1,0,0,0.0,0.0,0,0,0,0.0,0,0,0,0,0.0,0.0,0.0,3,0,90,1,0,0,0.0,0.0,0.0,0.0,0.0,0.0,0.0
727,25-26-prem-fulham-vs-everton,75,0,0,2,0.23,0.24,1,0,0,3,39,18,0.0,1.0,1,1,0.0,0,0.0,0,2,5,0,0,0,0,1,4,1,0.0,0,0.0,0,1,0,0,0.0,0.0,0,0,0,0.0,0,0,0,0,0.0,0.0,0.46,1,0,0,2,0,0,0.0,0.0,0.0,0.0,0.0,0.0,0.0
337,25-26-prem-fulham-vs-everton,75,0,0,2,0.55,0.01,1,0,2,4,26,8,0.0,1.0,2,1,0.0,0,0.0,0,0,1,0,1,1,0,9,7,6,0.0,3,0.0,2,1,0,0,0.0,0.0,0,0,0,0.0,0,0,0,0,0.0,0.0,0.75,4,0,0,2,0,0,0.0,0.0,0.0,0.0,0.0,0.0,0.0
321,25-26-prem-fulham-vs-everton,90,0,0,0,0.0,0.01,0,0,0,0,69,52,0.0,0.0,6,0,0.0,4,0.0,0,3,3,0,7,4,0,3,4,1,0.0,2,0.0,0,1,0,0,0.0,0.0,0,0,0,0.0,0,0,0,0,0.0,0.0,0.0,1,0,90,2,0,0,0.0,0.0,0.0,0.0,0.0,0.0,0.0
292,25-26-prem-fulham-vs-everton,85,0,1,0,0.0,0.19,0,1,0,2,50,26,0.0,1.0,4,1,0.0,1,0.0,0,2,4,0,1,0,0,2,3,2,0.0,0,0.0,1,2,0,0,0.0,0.0,0,0,0,0.0,0,0,0,0,0.0,0.0,0.0,0,0,0,1,0,0,0.0,0.0,0.0,0.0,0.0,0.0,0.0
330,25-26-prem-fulham-vs-everton,90,0,0,3,0.32,0.04,0,1,1,2,71,52,0.0,0.0,4,0,0.0,1,0.0,0,0,3,0,2,1,0,5,4,5,0.0,0,0.0,2,1,0,0,0.0,0.0,0,0,0,0.0,0,0,0,0,0.0,0.0,0.0,2,0,90,2,0,0,0.0,0.0,0.0,0.0,0.0,0.0,0.0
328,25-26-prem-fulham-vs-everton,90,0,0,0,0.0,0.36,0,1,0,2,61,29,0.0,2.0,3,1,0.0,1,0.0,0,1,3,0,4,2,0,4,5,3,0.0,1,0.0,0,2,0,0,0.0,0.0,0,0,0,0.0,0,0,0,0,0.0,0.0,0.0,2,0,90,2,0,0,0.0,0.0,0.0,0.0,0.0,0.0,0.0
243,25-26-prem-fulham-vs-everton,21,0,0,1,0.08,0.02,0,1,0,2,14,9,0.0,0.0,2,0,0.0,0,0.0,0,0,2,0,0,0,0,1,1,1,0.0,0,0.0,0,0,0,0,0.0,0.0,0,0,0,0.0,0,0,0,0,0.0,0.0,0.0,0,0,90,1,0,0,0.0,0.0,0.0,0.0,0.0,0.0,0.0
317,25-26-prem-fulham-vs-everton,90,0,0,1,0.09,0.01,0,0,0,1,81,60,0.0,1.0,10,0,0.0,4,0.0,0,2,3,1,1,1,2,6,5,5,0.0,1,0.0,0,1,0,0,0.0,0.0,0,0,0,0.0,0,0,0,0,0.0,0.0,0.0,5,0,90,2,0,0,0.0,0.0,0.0,0.0,0.0,0.0,0.0
329,25-26-prem-fulham-vs-everton,90,0,0,1,0.19,0.53,0,0,0,4,48,27,0.0,0.0,2,2,0.0,1,0.0,0,0,2,0,1,1,1,3,2,2,0.0,1,0.0,2,0,0,0,0.0,0.0,0,0,0,0.0,0,0,0,0,0.0,0.0,0.0,0,0,90,2,0,0,0.0,0.0,0.0,0.0,0.0,0.0,0.0
291,25-26-prem-fulham-vs-everton,90,0,0,1,0.24,0.0,0,0,1,1,49,35,0.0,0.0,6,0,0.0,2,0.0,0,0,3,0,3,1,0,2,3,0,0.0,2,0.0,0,1,0,0,0.0,0.0,0,0,0,0.0,0,0,0,0,0.0,0.0,0.0,0,0,90,1,0,0,0.0,0.0,0.0,0.0,0.0,0.0,0.0
319,25-26-prem-fulham-vs-everton,83,0,0,0,0.0,0.02,0,0,0,1,42,27,0.0,0.0,0,0,0.0,0,0.0,0,1,3,2,2,2,0,1,4,0,0.0,1,0.0,0,3,0,0,0.0,0.0,0,0,0,0.0,0,0,0,0,0.0,0.0,0.0,0,0,0,2,0,0,0.0,0.0,0.0,0.0,0.0,0.0,0.0
310,25-26-prem-fulham-vs-everton,69,0,0,4,0.56,0.0,0,0,1,8,26,7,0.0,1.0,0,0,0.0,0,0.0,0,0,1,0,0,0,1,5,7,1,0.0,4,0.0,1,1,0,0,0.0,0.0,0,0,0,0.0,0,0,0,0,0.0,0.0,0.0,0,0,0,1,0,0,0.0,0.0,0.0,0.0,0.0,0.0,0.0
314,25-26-prem-fulham-vs-everton,90,0,0,0,0.0,0.0,0,0,0,0,56,30,0.0,0.0,1,0,0.0,2,0.0,0,0,14,0,2,0,0,4,1,1,0.0,3,0.0,0,0,2,2,0.73,-0.27,0,30,2,0.0,3,0,0,0,0.0,0.0,0.0,1,0,90,2,0,0,0.0,0.0,0.0,0.0,0.0,0.0,0.0
311,25-26-prem-fulham-vs-everton,21,0,0,0,0.0,0.0,0,1,0,2,10,1,0.0,0.0,0,0,0.0,0,0.0,0,0,0,0,1,1,1,2,4,1,0.0,1,0.0,0,0,0,0,0.0,0.0,0,0,0,0.0,0,0,0,0,0.0,0.0,0.0,0,0,90,1,0,0,0.0,0.0,0.0,0.0,0.0,0.0,0.0
338,25-26-prem-fulham-vs-everton,15,0,0,2,0.13,0.0,0,0,0,3,3,0,0.0,0.0,0,0,0.0,0,0.0,0,0,0,0,0,0,0,2,3,0,0.0,2,0.0,0,1,0,0,0.0,0.0,0,0,0,0.0,0,0,0,0,0.0,0.0,0.0,0,0,90,2,0,0,0.0,0.0,0.0,0.0,0.0,0.0,0.0
731,25-26-prem-fulham-vs-everton,15,0,0,0,0.0,0.0,0,0,0,0,13,6,0.0,0.0,0,0,0.0,0,0.0,0,0,1,0,0,0,0,1,4,1,0.0,0,0.0,1,0,0,0,0.0,0.0,0,0,0,0.0,0,0,0,0,0.0,0.0,0.0,0,0,90,2,0,0,0.0,0.0,0.0,0.0,0.0,0.0,0.0
322,25-26-prem-fulham-vs-everton,7,0,0,0,0.0,0.11,0,0,0,0,17,10,0.0,1.0,0,2,0.0,0,0.0,0,0,1,0,0,0,0,0,0,0,0.0,0,0.0,0,0,0,0,0.0,0.0,0,0,0,0.0,0,0,0,0,0.0,0.0,0.0,0,0,90,2,0,0,0.0,0.0,0.0,0.0,0.0,0.0,0.0
290,25-26-prem-fulham-vs-everton,5,0,0,0,0.0,0.0,0,0,0,0,6,1,0.0,0.0,1,0,0.0,1,0.0,0,1,1,0,4,2,0,1,0,0,0.0,1,0.0,0,0,0,0,0.0,0.0,0,0,0,0.0,0,0,0,0,0.0,0.0,0.0,0,0,90,1,0,0,0.0,0.0,0.0,0.0,0.0,0.0,0.0
424,25-26-prem-fulham-vs-everton,7,0,0,0,0.0,0.0,0,0,0,0,6,4,0.0,0.0,1,0,0.0,0,0.0,0,0,1,0,0,0,1,0,1,0,0.0,0,0.0,0,0,0,0,0.0,0.0,0,0,0,0.0,0,0,0,0,0.0,0.0,0.0,0,0,90,2,0,0,0.0,0.0,0.0,0.0,0.0,0.0,0.0
304,25-26-prem-fulham-vs-everton,1,0,0,0,0.0,0.0,0,0,0,0,0,0,0.0,0.0,0,0,0.0,0,0.0,0,0,0,0,0,0,0,0,0,0,0.0,0,0.0,0,0,0,0,0.0,0.0,0,0,0,0.0,0,0,0,0,0.0,0.0,0.0,0,5,90,0,0,0,0.0,0.0,0.0,0.0,0.0,0.0,0.0
250,25-26-prem-wolverhampton-wanderers-vs-chelsea,15,0,0,1,0.08,0.0,1,1,0,1,10,4,0.0,0.0,1,0,0.0,0,0.0,0,0,0,0,0,0,0,2,0,1,0.0,1,0.0,0,0,0,0,0.0,0.0,0,0,0,0.0,0,0,0,0,0.0,0.0,0.03,0,0,90,1,0,0,0.0,0.0,0.0,0.0,0.0,0.0,0.0
633,25-26-prem-wolverhampton-wanderers-vs-chelsea,90,0,0,1,0.04,0.21,0,1,0,2,52,22,0.0,2.0,5,2,0.0,1,0.0,0,2,4,1,2,0,1,4,6,4,0.0,0,0.0,1,0,0,0,0.0,0.0,0,0,0,0.0,0,0,0,0,0.0,0.0,0.0,2,0,90,3,0,0,0.0,0.0,0.0,0.0,0.0,0.0,0.0
453,25-26-prem-wolverhampton-wanderers-vs-chelsea,29,0,0,0,0.0,0.02,0,0,0,1,16,12,0.0,0.0,0,0,0.0,0,0.0,0,0,0,0,1,0,1,0,1,0,0.0,0,0.0,0,0,0,0,0.0,0.0,0,0,0,0.0,0,0,0,0,0.0,0.0,0.0,0,0,90,1,0,0,0.0,0.0,0.0,0.0,0.0,0.0,0.0
634,25-26-prem-wolverhampton-wanderers-vs-chelsea,90,0,0,3,0.18,0.01,0,1,0,4,85,46,0.0,1.0,7,0,0.0,1,0.0,0,0,5,4,3,1,1,5,8,5,0.0,0,0.0,2,2,0,0,0.0,0.0,0,0,0,0.0,0,0,0,0,0.0,0.0,0.0,2,0,90,3,0,0,0.0,0.0,0.0,0.0,0.0,0.0,0.0
636,25-26-prem-wolverhampton-wanderers-vs-chelsea,90,0,0,0,0.0,0.36,0,0,0,2,57,39,0.0,0.0,2,0,0.0,0,0.0,0,1,4,0,4,2,1,2,3,1,0.0,1,0.0,0,0,0,0,0.0,0.0,0,0,0,0.0,0,0,0,0,0.0,0.0,0.0,1,0,90,3,0,0,0.0,0.0,0.0,0.0,0.0,0.0,0.0
679,25-26-prem-burnley-vs-west-ham-united,90,0,0,0,0.0,0.0,0,0,0,0,52,13,0.0,0.0,12,0,0.0,2,0.0,0,0,15,0,3,0,0,0,0,0,0.0,0,0.0,0,0,5,0,0.63,0.63,2,13,2,0.0,2,0,0,0,0.0,0.0,0.0,0,0,90,0,0,0,0.0,0.0,0.0,0.0,0.0,0.0,0.0
615,25-26-prem-burnley-vs-west-ham-united,89,1,0,2,0.74,0.02,2,2,0,7,46,21,0.0,0.0,2,1,0.0,1,0.0,0,1,6,0,3,1,0,5,3,5,0.0,0,0.0,2,1,0,0,0.0,0.0,0,0,0,0.0,0,0,0,0,0.0,0.0,0.34,1,0,2,0,0,0,0.0,0.0,0.0,0.0,0.0,0.0,0.0
708,25-26-prem-burnley-vs-west-ham-united,90,0,1,1,0.02,0.28,0,2,0,0,84,59,0.0,1.0,6,0,0.0,2,0.0,0,2,10,2,0,0,4,7,6,7,0.0,0,0.0,2,1,0,0,0.0,0.0,0,0,0,0.0,0,0,0,0,0.0,0.0,0.0,3,0,90,0,0,0,0.0,0.0,0.0,0.0,0.0,0.0,0.0
603,25-26-prem-burnley-vs-west-ham-united,79,0,1,0,0.0,0.14,0,0,0,0,51,29,0.0,2.0,7,1,0.0,0,0.0,0,3,1,0,4,0,0,2,1,1,0.0,1,0.0,0,1,0,0,0.0,0.0,0,0,0,0.0,0,0,0,0,0.0,0.0,0.0,1,0,0,0,0,0,0.0,0.0,0.0,0.0,0.0,0.0,0.0
610,25-26-prem-burnley-vs-west-ham-united,90,0,0,0,0.0,0.01,0,1,0,0,68,24,0.0,0.0,4,0,0.0,1,0.0,0,3,3,1,4,1,0,5,4,5,0.0,0,0.0,1,1,0,0,0.0,0.0,0,0,0,0.0,0,0,0,0,0.0,0.0,0.0,3,0,90,0,0,0,0.0,0.0,0.0,0.0,0.0,0.0,0.0
195,25-26-prem-burnley-vs-west-ham-united,90,0,0,0,0.0,0.22,0,0,0,0,77,39,0.0,5.0,2,2,0.0,2,0.0,0,0,9,0,2,2,2,5,4,4,0.0,1,0.0,0,0,0,0,0.0,0.0,0,0,0,0.0,0,0,0,0,0.0,0.0,0.0,4,0,90,2,0,0,0.0,0.0,0.0,0.0,0.0,0.0,0.0
791,25-26-prem-burnley-vs-west-ham-united,79,1,0,1,0.22,0.16,1,0,0,2,29,14,0.0,0.0,0,0,0.0,0,0.0,0,0,2,1,1,0,0,0,6,0,0.0,0,0.0,0,3,0,0,0.0,0.0,0,0,0,0.0,0,0,0,0,0.0,0.0,0.73,0,0,0,0,0,0,0.0,0.0,0.0,0.0,0.0,0.0,0.0
606,25-26-prem-burnley-vs-west-ham-united,90,0,0,0,0.0,0.03,0,0,0,0,70,46,0.0,0.0,5,0,0.0,4,0.0,0,2,3,2,9,6,2,2,2,2,0.0,0,0.0,0,0,0,0,0.0,0.0,0,0,0,0.0,0,0,0,0,0.0,0.0,0.0,2,0,90,0,0,0,0.0,0.0,0.0,0.0,0.0,0.0,0.0
624,25-26-prem-burnley-vs-west-ham-united,89,0,0,1,0.03,0.01,0,3,0,2,46,15,0.0,0.0,7,0,0.0,0,0.0,0,1,4,0,2,1,1,7,6,5,0.0,2,0.0,1,0,0,0,0.0,0.0,0,0,0,0.0,0,0,0,0,0.0,0.0,0.0,1,0,2,0,0,0,0.0,0.0,0.0,0.0,0.0,0.0,0.0
613,25-26-prem-burnley-vs-west-ham-united,90,0,0,0,0.0,0.01,0,0,0,1,59,43,0.0,1.0,4,0,0.0,0,0.0,0,2,3,0,1,1,0,4,3,3,0.0,1,0.0,2,0,0,0,0.0,0.0,0,0,0,0.0,0,0,0,0,0.0,0.0,0.0,1,0,90,0,0,0,0.0,0.0,0.0,0.0,0.0,0.0,0.0
207,25-26-prem-burnley-vs-west-ham-united,90,0,0,1,0.02,0.24,0,1,0,0,75,50,0.0,2.0,14,1,0.0,1,0.0,0,0,6,0,0,0,1,6,2,5,0.0,1,0.0,3,1,0,0,0.0,0.0,0,0,0,0.0,0,0,0,0,0.0,0.0,0.0,1,0,90,2,0,0,0.0,0.0,0.0,0.0,0.0,0.0,0.0
785,25-26-prem-burnley-vs-west-ham-united,11,0,0,0,0.0,0.0,0,2,0,0,13,7,0.0,1.0,0,0,0.0,0,0.0,0,0,1,0,0,0,0,4,3,4,0.0,0,0.0,1,2,0,0,0.0,0.0,0,0,0,0.0,0,0,0,0,0.0,0.0,0.0,1,0,90,0,0,0,0.0,0.0,0.0,0.0,0.0,0.0,0.0
200,25-26-prem-burnley-vs-west-ham-united,66,0,0,2,0.11,0.03,1,1,0,5,50,24,0.0,1.0,2,1,0.0,0,0.0,0,0,7,0,2,1,0,4,3,4,0.0,0,0.0,2,0,0,0,0.0,0.0,0,0,0,0.0,0,0,0,0,0.0,0.0,0.12,1,0,0,2,0,0,0.0,0.0,0.0,0.0,0.0,0.0,0.0
193,25-26-prem-burnley-vs-west-ham-united,90,0,0,1,0.02,0.35,0,0,0,1,79,53,0.0,3.0,5,2,0.0,2,0.0,0,1,2,0,2,0,3,2,5,2,0.0,0,0.0,0,2,0,0,0.0,0.0,0,0,0,0.0,0,0,0,0,0.0,0.0,0.0,2,0,90,2,0,0,0.0,0.0,0.0,0.0,0.0,0.0,0.0
676,25-26-prem-burnley-vs-west-ham-united,79,0,0,1,0.04,0.01,1,1,0,0,32,21,0.0,1.0,2,0,0.0,0,0.0,0,0,3,0,0,0,0,2,2,2,0.0,0,0.0,0,2,0,0,0.0,0.0,0,0,0,0.0,0,0,0,0,0.0,0.0,0.06,1,0,0,2,0,0,0.0,0.0,0.0,0.0,0.0,0.0,0.0
215,25-26-prem-burnley-vs-west-ham-united,67,0,0,7,0.62,0.02,2,0,1,9,26,11,0.0,0.0,1,0,0.0,1,0.0,0,0,3,0,1,1,1,4,3,1,0.0,3,0.0,1,0,0,0,0.0,0.0,0,0,0,0.0,0,0,0,0,0.0,0.0,0.28,0,0,0,2,0,0,0.0,0.0,0.0,0.0,0.0,0.0,0.0
191,25-26-prem-burnley-vs-west-ham-united,90,0,0,0,0.0,0.01,0,0,0,1,79,53,0.0,1.0,6,0,0.0,1,0.0,0,0,4,0,6,6,1,7,4,3,0.0,4,0.0,0,2,0,0,0.0,0.0,0,0,0,0.0,0,0,0,0,0.0,0.0,0.0,3,0,90,2,0,0,0.0,0.0,0.0,0.0,0.0,0.0,0.0
608,25-26-prem-burnley-vs-west-ham-united,11,0,0,0,0.0,0.0,0,0,0,0,5,2,0.0,0.0,0,0,0.0,2,0.0,0,2,1,0,0,0,0,1,0,0,0.0,1,0.0,0,0,0,0,0.0,0.0,0,0,0,0.0,0,0,0,0,0.0,0.0,0.0,0,0,90,0,0,0,0.0,0.0,0.0,0.0,0.0,0.0,0.0
671,25-26-prem-burnley-vs-west-ham-united,57,0,0,0,0.0,0.0,0,1,0,3,17,6,0.0,0.0,1,0,0.0,0,0.0,0,0,1,1,0,0,0,2,5,2,0.0,0,0.0,0,0,0,0,0.0,0.0,0,0,0,0.0,0,0,0,0,0.0,0.0,0.0,1,0,0,0,0,0,0.0,0.0,0.0,0.0,0.0,0.0,0.0
206,25-26-prem-burnley-vs-west-ham-united,67,0,0,4,0.42,0.04,1,2,1,5,36,18,0.0,0.0,4,0,0.0,0,0.0,0,0,1,0,0,0,1,3,4,3,0.0,0,0.0,1,1,0,0,0.0,0.0,0,0,0,0.0,0,0,0,0,0.0,0.0,0.17,0,0,0,2,0,0,0.0,0.0,0.0,0.0,0.0,0.0,0.0
680,25-26-prem-burnley-vs-west-ham-united,11,0,0,1,0.11,0.0,0,0,0,2,7,5,0.0,0.0,0,0,0.0,0,0.0,0,0,0,0,0,0,0,0,0,0,0.0,0,0.0,0,0,0,0,0.0,0.0,0,0,0,0.0,0,0,0,0,0.0,0.0,0.0,0,0,90,2,0,0,0.0,0.0,0.0,0.0,0.0,0.0,0.0
722,25-26-prem-burnley-vs-west-ham-united,45,0,0,0,0.0,0.02,0,0,0,0,36,24,0.0,0.0,1,0,0.0,0,0.0,0,1,1,0,2,1,1,1,4,1,0.0,0,0.0,0,2,0,0,0.0,0.0,0,0,0,0.0,0,0,0,0,0.0,0.0,0.0,1,0,0,2,0,0,0.0,0.0,0.0,0.0,0.0,0.0,0.0
202,25-26-prem-burnley-vs-west-ham-united,24,0,0,0,0.0,0.01,0,0,0,0,14,7,0.0,0.0,2,0,0.0,0,0.0,0,0,0,0,0,0,0,0,1,0,0.0,0,0.0,0,0,0,0,0.0,0.0,0,0,0,0.0,0,0,0,0,0.0,0.0,0.0,0,0,90,2,0,0,0.0,0.0,0.0,0.0,0.0,0.0,0.0
413,25-26-efl-cup-newcastle-united-vs-manchester-city,90,2,0,5,0.93,0.23,2,0,0,9,53,32,0.0,2.0,1,0,0.0,2,0.0,0,1,2,0,0,0,0,3,3,3,0.0,0,0.0,3,1,0,0,0.0,0.0,0,0,0,0.0,0,0,0,0,0.0,0.0,1.26,0,0,90,1,0,0,0.0,0.0,0.0,0.0,0.0,0.0,0.0
427,25-26-efl-cup-newcastle-united-vs-manchester-city,90,1,0,4,0.49,0.11,3,2,1,7,69,48,0.0,5.0,3,1,0.0,0,0.0,0,3,1,0,0,0,0,4,1,4,0.0,0,0.0,1,0,0,0,0.0,0.0,0,0,0,0.0,0,0,0,0,0.0,0.0,0.52,1,0,90,1,0,0,0.0,0.0,0.0,0.0,0.0,0.0,0.0
402,25-26-efl-cup-newcastle-united-vs-manchester-city,90,0,0,1,0.04,0.06,0,1,0,2,77,56,0.0,2.0,2,0,0.0,0,0.0,0,3,5,1,1,1,1,8,4,8,0.0,0,0.0,4,1,0,0,0.0,0.0,0,0,0,0.0,0,0,0,0,0.0,0.0,0.0,3,0,90,1,0,0,0.0,0.0,0.0,0.0,0.0,0.0,0.0
478,25-26-efl-cup-newcastle-united-vs-manchester-city,76,0,0,1,0.05,0.11,1,0,0,0,68,38,0.0,2.0,10,1,0.0,4,0.0,0,1,8,1,2,0,1,4,2,4,0.0,0,0.0,1,1,0,0,0.0,0.0,0,0,0,0.0,0,0,0,0,0.0,0.0,0.08,3,0,0,3,0,0,0.0,0.0,0.0,0.0,0.0,0.0,0.0
182,25-26-efl-cup-newcastle-united-vs-manchester-city,90,0,0,0,0.0,0.0,0,0,0,0,47,21,0.0,0.0,3,0,0.0,5,0.0,0,0,11,0,0,0,0,2,0,1,0.0,1,0.0,1,0,4,1,1.17,0.17,0,21,5,0.0,0,0,0,0,0.0,0.0,0.0,1,0,90,1,0,0,0.0,0.0,0.0,0.0,0.0,0.0,0.0
476,25-26-efl-cup-newcastle-united-vs-manchester-city,90,0,0,0,0.0,0.03,0,0,0,0,49,24,0.0,1.0,3,0,0.0,0,0.0,0,0,4,1,7,5,1,10,8,5,0.0,5,0.0,1,3,0,0,0.0,0.0,0,0,0,0.0,0,0,0,0,0.0,0.0,0.0,4,0,90,3,0,0,0.0,0.0,0.0,0.0,0.0,0.0,0.0
411,25-26-efl-cup-newcastle-united-vs-manchester-city,71,0,0,0,0.0,0.04,0,0,1,0,95,84,0.0,0.0,6,0,0.0,2,0.0,0,1,1,0,1,1,1,1,4,0,0.0,1,0.0,0,1,0,0,0.0,0.0,0,0,0,0.0,0,0,0,0,0.0,0.0,0.0,0,0,0,1,0,0,0.0,0.0,0.0,0.0,0.0,0.0,0.0
491,25-26-efl-cup-newcastle-united-vs-manchester-city,90,0,0,1,0.06,0.43,1,0,0,2,57,39,0.0,1.0,7,0,0.0,3,0.0,0,0,7,0,0,0,1,4,4,4,0.0,0,0.0,2,0,0,0,0.0,0.0,0,0,0,0.0,0,0,0,0,0.0,0.0,0.03,2,0,90,3,0,0,0.0,0.0,0.0,0.0,0.0,0.0,0.0
406,25-26-efl-cup-newcastle-united-vs-manchester-city,90,0,0,0,0.0,0.01,0,0,0,0,58,51,0.0,0.0,2,0,0.0,0,0.0,0,1,4,0,3,2,0,1,3,0,0.0,1,0.0,0,2,0,0,0.0,0.0,0,0,0,0.0,0,0,0,0,0.0,0.0,0.0,0,0,90,1,0,0,0.0,0.0,0.0,0.0,0.0,0.0,0.0
473,25-26-efl-cup-newcastle-united-vs-manchester-city,45,0,0,0,0.0,0.05,0,1,0,0,36,22,0.0,1.0,4,0,0.0,2,0.0,0,0,3,0,0,0,1,6,3,6,0.0,0,0.0,4,1,0,0,0.0,0.0,0,0,0,0.0,0,0,0,0,0.0,0.0,0.0,1,0,0,3,0,0,0.0,0.0,0.0,0.0,0.0,0.0,0.0
414,25-26-efl-cup-newcastle-united-vs-manchester-city,72,0,0,1,0.12,0.08,0,1,0,2,47,27,0.0,0.0,3,0,0.0,1,0.0,0,0,4,0,0,0,0,1,7,1,0.0,0,0.0,0,2,0,0,0.0,0.0,0,0,0,0.0,0,0,0,0,0.0,0.0,0.0,0,0,0,1,0,0,0.0,0.0,0.0,0.0,0.0,0.0,0.0
640,25-26-prem-wolverhampton-wanderers-vs-chelsea,1,0,0,0,0.0,0.0,0,0,0,0,3,1,0.0,0.0,0,0,0.0,0,0.0,0,0,1,0,0,0,0,0,0,0,0.0,0,0.0,0,0,0,0,0.0,0.0,0,0,0,0.0,0,0,0,0,0.0,0.0,0.0,0,1,90,0,0,0,0.0,0.0,0.0,0.0,0.0,0.0,0.0
470,25-26-prem-burnley-vs-west-ham-united,90,0,0,0,0.0,0.0,0,0,0,0,36,18,0.0,0.0,1,0,0.0,2,0.0,0,0,10,0,1,0,0,3,1,2,0.0,1,0.0,1,0,2,2,1.09,-0.91,1,18,2,0.0,0,0,0,0,0.0,0.0,0.0,1,0,90,2,0,0,0.0,0.0,0.0,0.0,0.0,0.0,0.0
210,25-26-prem-burnley-vs-west-ham-united,23,0,0,0,0.0,0.01,0,0,0,0,18,7,0.0,0.0,0,0,0.0,1,0.0,0,0,1,0,0,0,0,1,5,1,0.0,0,0.0,0,0,0,0,0.0,0.0,0,0,0,0.0,0,0,0,0,0.0,0.0,0.0,1,0,90,2,0,0,0.0,0.0,0.0,0.0,0.0,0.0,0.0
421,25-26-efl-cup-newcastle-united-vs-manchester-city,19,0,0,1,0.02,0.01,0,0,0,0,37,34,0.0,0.0,1,0,0.0,0,0.0,0,0,3,0,0,0,0,1,1,1,0.0,0,0.0,0,1,0,0,0.0,0.0,0,0,0,0.0,0,0,0,0,0.0,0.0,0.0,1,0,90,1,0,0,0.0,0.0,0.0,0.0,0.0,0.0,0.0
430,25-26-efl-cup-newcastle-united-vs-manchester-city,19,0,0,2,0.57,0.03,2,0,1,2,8,3,0.0,1.0,0,0,0.0,0,0.0,0,1,1,0,0,0,0,0,2,0,0.0,0,0.0,0,0,0,0,0.0,0.0,0,0,0,0.0,0,0,0,0,0.0,0.0,1.07,0,0,90,1,0,0,0.0,0.0,0.0,0.0,0.0,0.0,0.0
20,25-26-prem-arsenal-vs-sunderland,89,0,1,3,0.14,0.19,0,1,0,6,69,32,0.0,4.0,3,1,0.0,1,0.0,0,0,5,1,0,0,2,4,10,4,0.0,0,0.0,2,0,0,0,0.0,0.0,0,0,0,0.0,0,0,0,0,0.0,0.0,0.0,1,0,0,0,0,0,0.0,0.0,0.0,0.0,0.0,0.0,0.0
30,25-26-prem-arsenal-vs-sunderland,67,0,1,3,0.21,0.04,0,0,0,7,25,7,0.0,2.0,4,0,0.0,0,0.0,0,0,0,1,1,1,1,4,4,1,0.0,3,0.0,0,0,0,0,0.0,0.0,0,0,0,0.0,0,0,0,0,0.0,0.0,0.0,1,0,0,0,0,0,0.0,0.0,0.0,0.0,0.0,0.0,0.0
666,25-26-prem-arsenal-vs-sunderland,30,2,0,2,0.92,0.0,2,0,0,2,7,2,0.0,0.0,0,0,0.0,0,0.0,0,0,1,0,0,0,0,0,3,0,0.0,0,0.0,0,0,0,0,0.0,0.0,0,0,0,0.0,0,0,0,0,0.0,0.0,1.17,0,0,90,0,0,0,0.0,0.0,0.0,0.0,0.0,0.0,0.0
407,25-26-efl-cup-newcastle-united-vs-manchester-city,90,0,0,0,0.0,0.03,0,1,0,0,63,36,0.0,0.0,4,0,0.0,1,0.0,0,0,3,0,1,0,0,5,3,5,0.0,0,0.0,2,2,0,0,0.0,0.0,0,0,0,0.0,0,0,0,0,0.0,0.0,0.0,2,0,90,1,0,0,0.0,0.0,0.0,0.0,0.0,0.0,0.0
794,25-26-efl-cup-newcastle-united-vs-manchester-city,45,0,0,0,0.0,0.01,0,0,0,0,47,40,0.0,0.0,2,0,0.0,1,0.0,0,0,2,1,1,0,0,1,1,1,0.0,0,0.0,1,0,0,0,0.0,0.0,0,0,0,0.0,0,0,0,0,0.0,0.0,0.0,0,0,90,1,0,0,0.0,0.0,0.0,0.0,0.0,0.0,0.0
32,25-26-prem-afc-bournemouth-vs-aston-villa,90,0,0,0,0.0,0.0,0,0,0,0,63,27,0.0,0.0,7,0,0.0,8,0.0,0,0,9,0,2,0,0,2,0,1,0.0,1,0.0,2,0,7,1,2.14,1.14,1,27,8,0.0,3,0,0,0,0.0,0.0,0.0,0,0,90,1,0,0,0.0,0.0,0.0,0.0,0.0,0.0,0.0
807,25-26-prem-afc-bournemouth-vs-aston-villa,87,1,0,3,0.16,0.02,1,1,0,5,43,21,0.0,1.0,2,0,0.0,2,0.0,0,0,2,0,0,0,1,7,5,3,0.0,4,0.0,2,0,0,0,0.0,0.0,0,0,0,0.0,0,0,0,0,0.0,0.0,0.66,0,0,0,1,0,0,0.0,0.0,0.0,0.0,0.0,0.0,0.0
456,25-26-prem-afc-bournemouth-vs-aston-villa,77,0,1,1,0.09,0.05,0,2,0,4,35,19,0.0,2.0,2,0,0.0,0,0.0,0,0,2,0,2,0,0,5,1,4,0.0,1,0.0,0,0,0,0,0.0,0.0,0,0,0,0.0,0,0,0,0,0.0,0.0,0.0,2,0,0,1,0,0,0.0,0.0,0.0,0.0,0.0,0.0,0.0
77,25-26-prem-afc-bournemouth-vs-aston-villa,90,0,1,0,0.0,0.06,0,0,0,0,71,40,0.0,1.0,10,0,0.0,5,0.0,0,3,6,0,9,6,0,4,5,1,0.0,3,0.0,1,1,0,0,0.0,0.0,0,0,0,0.0,0,0,0,0,0.0,0.0,0.0,1,0,90,1,0,0,0.0,0.0,0.0,0.0,0.0,0.0,0.0
88,25-26-prem-afc-bournemouth-vs-aston-villa,90,0,0,0,0.0,0.2,0,0,0,0,70,37,0.0,2.0,13,3,0.0,3,0.0,0,2,9,0,2,0,0,4,3,4,0.0,0,0.0,2,0,0,0,0.0,0.0,0,0,0,0.0,0,0,0,0,0.0,0.0,0.0,2,0,90,1,0,0,0.0,0.0,0.0,0.0,0.0,0.0,0.0
47,25-26-prem-afc-bournemouth-vs-aston-villa,90,1,0,1,0.12,0.08,1,0,0,5,59,29,0.0,2.0,2,0,0.0,1,0.0,0,1,4,0,4,2,1,4,5,3,0.0,1,0.0,1,0,0,0,0.0,0.0,0,0,0,0.0,0,0,0,0,0.0,0.0,0.65,2,0,90,1,0,0,0.0,0.0,0.0,0.0,0.0,0.0,0.0
59,25-26-prem-afc-bournemouth-vs-aston-villa,90,0,0,0,0.0,0.02,0,0,0,1,67,43,0.0,0.0,8,0,0.0,1,0.0,0,1,4,2,9,8,0,8,1,1,0.0,7,0.0,0,0,0,0,0.0,0.0,0,0,0,0.0,0,0,0,0,0.0,0.0,0.0,1,0,90,1,0,0,0.0,0.0,0.0,0.0,0.0,0.0,0.0
699,25-26-prem-afc-bournemouth-vs-aston-villa,77,0,0,0,0.0,0.14,0,1,0,0,58,31,0.0,1.0,6,3,0.0,1,0.0,0,2,3,1,2,2,0,4,2,3,0.0,1,0.0,0,2,0,0,0.0,0.0,0,0,0,0.0,0,0,0,0,0.0,0.0,0.0,2,0,0,1,0,0,0.0,0.0,0.0,0.0,0.0,0.0,0.0
697,25-26-prem-afc-bournemouth-vs-aston-villa,90,0,0,1,0.06,0.86,0,0,0,4,58,30,0.0,4.0,1,0,0.0,1,0.0,0,1,3,0,0,0,0,7,3,3,0.0,4,0.0,2,0,0,0,0.0,0.0,0,0,0,0.0,0,0,0,0,0.0,0.0,0.0,1,0,90,1,0,0,0.0,0.0,0.0,0.0,0.0,0.0,0.0
97,25-26-prem-afc-bournemouth-vs-aston-villa,89,0,0,4,0.57,0.11,2,0,2,7,23,10,0.0,3.0,0,0,0.0,0,0.0,0,0,2,0,1,0,1,4,4,1,0.0,3,0.0,1,1,0,0,0.0,0.0,0,0,0,0.0,0,0,0,0,0.0,0.0,0.64,0,0,0,1,0,0,0.0,0.0,0.0,0.0,0.0,0.0,0.0
67,25-26-prem-afc-bournemouth-vs-aston-villa,90,0,0,0,0.0,0.0,0,0,0,0,29,19,0.0,0.0,2,0,0.0,3,0.0,0,0,6,0,1,0,0,0,0,0,0.0,0,0.0,0,0,3,1,1.42,0.42,0,19,3,0.0,0,0,0,0,0.0,0.0,0.0,0,0,90,1,0,0,0.0,0.0,0.0,0.0,0.0,0.0,0.0
90,25-26-prem-afc-bournemouth-vs-aston-villa,90,0,0,3,0.15,0.01,1,0,0,2,71,48,0.0,1.0,8,0,0.0,3,0.0,0,2,7,1,1,1,1,1,4,1,0.0,0,0.0,1,0,0,0,0.0,0.0,0,0,0,0.0,0,0,0,0,0.0,0.0,0.03,0,0,90,1,0,0,0.0,0.0,0.0,0.0,0.0,0.0,0.0
38,25-26-prem-afc-bournemouth-vs-aston-villa,90,0,0,0,0.0,0.0,0,0,0,0,32,21,0.0,0.0,3,0,0.0,0,0.0,0,0,3,2,4,3,0,1,1,0,0.0,1,0.0,0,1,0,0,0.0,0.0,0,0,0,0.0,0,0,0,0,0.0,0.0,0.0,0,0,90,1,0,0,0.0,0.0,0.0,0.0,0.0,0.0,0.0
55,25-26-prem-afc-bournemouth-vs-aston-villa,13,0,0,0,0.0,0.0,0,1,0,1,12,6,0.0,1.0,1,0,0.0,1,0.0,0,1,0,0,2,1,0,2,0,2,0.0,0,0.0,0,0,0,0,0.0,0.0,0,0,0,0.0,0,0,0,0,0.0,0.0,0.0,1,0,90,1,0,0,0.0,0.0,0.0,0.0,0.0,0.0,0.0
37,25-26-prem-afc-bournemouth-vs-aston-villa,86,0,0,0,0.0,0.02,0,1,0,0,65,26,0.0,0.0,7,1,0.0,0,0.0,0,1,9,0,5,3,2,9,7,6,0.0,3,0.0,0,1,0,0,0.0,0.0,0,0,0,0.0,0,0,0,0,0.0,0.0,0.0,5,0,0,1,0,0,0.0,0.0,0.0,0.0,0.0,0.0,0.0
713,25-26-prem-afc-bournemouth-vs-aston-villa,86,0,0,0,0.0,0.02,0,0,0,0,67,32,0.0,1.0,13,0,0.0,3,0.0,0,0,4,1,0,0,1,7,6,7,0.0,0,0.0,2,0,0,0,0.0,0.0,0,0,0,0.0,0,0,0,0,0.0,0.0,0.0,5,0,0,1,0,0,0.0,0.0,0.0,0.0,0.0,0.0,0.0
72,25-26-prem-afc-bournemouth-vs-aston-villa,90,0,0,2,0.24,0.25,1,0,0,2,70,44,0.0,1.0,10,0,0.0,4,0.0,0,0,6,0,5,3,1,2,4,1,0.0,1,0.0,0,0,0,0,0.0,0.0,0,0,0,0.0,0,0,0,0,0.0,0.0,0.05,1,0,90,1,0,0,0.0,0.0,0.0,0.0,0.0,0.0,0.0
100,25-26-prem-afc-bournemouth-vs-aston-villa,65,0,0,4,0.64,0.02,2,1,1,3,30,17,0.0,1.0,2,0,0.0,0,0.0,0,0,4,0,1,0,0,2,4,1,0.0,1,0.0,0,1,0,0,0.0,0.0,0,0,0,0.0,0,0,0,0,0.0,0.0,0.04,0,0,0,1,0,0,0.0,0.0,0.0,0.0,0.0,0.0,0.0
87,25-26-prem-afc-bournemouth-vs-aston-villa,25,0,0,3,0.26,0.0,2,0,0,1,17,9,0.0,0.0,1,0,0.0,0,0.0,0,1,2,0,1,0,0,0,1,0,0.0,0,0.0,0,0,0,0,0.0,0.0,0,0,0,0.0,0,0,0,0,0.0,0.0,0.71,0,0,90,1,0,0,0.0,0.0,0.0,0.0,0.0,0.0,0.0
40,25-26-prem-afc-bournemouth-vs-aston-villa,90,0,0,1,0.09,0.01,0,0,0,2,59,43,0.0,0.0,1,0,0.0,5,0.0,0,1,1,0,7,6,0,1,3,0,0.0,1,0.0,0,0,0,0,0.0,0.0,0,0,0,0.0,0,0,0,0,0.0,0.0,0.0,0,0,90,1,0,0,0.0,0.0,0.0,0.0,0.0,0.0,0.0
74,25-26-prem-afc-bournemouth-vs-aston-villa,90,0,0,0,0.0,0.01,0,1,0,1,61,34,0.0,0.0,2,0,0.0,1,0.0,0,2,6,0,4,2,0,2,9,1,0.0,1,0.0,0,1,0,0,0.0,0.0,0,0,0,0.0,0,0,0,0,0.0,0.0,0.0,0,0,90,1,0,0,0.0,0.0,0.0,0.0,0.0,0.0,0.0
36,25-26-prem-afc-bournemouth-vs-aston-villa,90,0,0,2,0.04,0.0,1,0,0,2,43,17,0.0,0.0,7,0,0.0,4,0.0,0,0,1,0,2,2,0,2,3,2,0.0,0,0.0,0,1,0,0,0.0,0.0,0,0,0,0.0,0,0,0,0,0.0,0.0,0.15,2,0,90,1,0,0,0.0,0.0,0.0,0.0,0.0,0.0,0.0
49,25-26-prem-afc-bournemouth-vs-aston-villa,24,0,0,0,0.0,0.0,0,0,0,0,11,2,0.0,0.0,1,0,0.0,0,0.0,0,0,0,0,1,1,0,2,1,1,0.0,1,0.0,0,0,0,0,0.0,0.0,0,0,0,0.0,0,0,0,0,0.0,0.0,0.0,1,0,90,1,0,0,0.0,0.0,0.0,0.0,0.0,0.0,0.0
50,25-26-prem-afc-bournemouth-vs-aston-villa,66,0,0,1,0.04,0.08,1,0,0,2,40,23,0.0,1.0,4,0,0.0,0,0.0,0,0,5,0,0,0,0,2,6,1,0.0,1,0.0,0,1,0,0,0.0,0.0,0,0,0,0.0,0,0,0,0,0.0,0.0,0.33,1,0,0,1,0,0,0.0,0.0,0.0,0.0,0.0,0.0,0.0
64,25-26-prem-afc-bournemouth-vs-aston-villa,86,0,0,1,0.05,0.03,1,0,0,1,28,15,0.0,0.0,1,0,0.0,0,0.0,0,0,2,0,0,0,0,3,9,1,0.0,2,0.0,1,4,0,0,0.0,0.0,0,0,0,0.0,0,0,0,0,0.0,0.0,0.29,0,0,0,1,0,0,0.0,0.0,0.0,0.0,0.0,0.0,0.0
39,25-26-prem-afc-bournemouth-vs-aston-villa,13,0,0,0,0.0,0.01,0,0,0,2,6,3,0.0,0.0,0,0,0.0,0,0.0,0,0,0,0,0,0,0,0,1,0,0.0,0,0.0,0,1,0,0,0.0,0.0,0,0,0,0.0,0,0,0,0,0.0,0.0,0.0,0,0,90,1,0,0,0.0,0.0,0.0,0.0,0.0,0.0,0.0
73,25-26-prem-afc-bournemouth-vs-aston-villa,4,0,0,0,0.0,0.0,0,0,0,0,2,0,0.0,0.0,0,0,0.0,0,0.0,0,0,0,0,0,0,0,0,0,0,0.0,0,0.0,0,0,0,0,0.0,0.0,0,0,0,0.0,0,0,0,0,0.0,0.0,0.0,0,0,90,1,0,0,0.0,0.0,0.0,0.0,0.0,0.0,0.0
98,25-26-prem-afc-bournemouth-vs-aston-villa,1,0,0,0,0.0,0.0,0,0,0,0,1,1,0.0,0.0,0,0,0.0,0,0.0,0,0,0,0,0,0,0,0,0,0,0.0,0,0.0,0,0,0,0,0.0,0.0,0,0,0,0.0,0,0,0,0,0.0,0.0,0.0,0,0,90,1,0,0,0.0,0.0,0.0,0.0,0.0,0.0,0.0
86,25-26-prem-afc-bournemouth-vs-aston-villa,3,0,0,0,0.0,0.01,0,0,0,1,3,1,0.0,0.0,0,0,0.0,0,0.0,0,0,0,0,0,0,0,0,0,0,0.0,0,0.0,0,0,0,0,0.0,0.0,0,0,0,0.0,0,0,0,0,0.0,0.0,0.0,0,0,90,1,0,0,0.0,0.0,0.0,0.0,0.0,0.0,0.0
808,25-26-prem-afc-bournemouth-vs-aston-villa,4,0,0,0,0.0,0.0,0,0,0,0,2,1,0.0,0.0,1,0,0.0,0,0.0,0,0,0,0,0,0,0,1,0,0,0.0,1,0.0,0,0,0,0,0.0,0.0,0,0,0,0.0,0,0,0,0,0.0,0.0,0.0,0,0,90,1,0,0,0.0,0.0,0.0,0.0,0.0,0.0,0.0
1,25-26-prem-arsenal-vs-sunderland,90,0,0,0,0.0,0.0,0,0,0,0,35,15,0.0,1.0,6,0,0.0,7,0.0,0,1,12,0,0,0,0,3,0,1,0.0,2,0.0,1,0,2,0,0.6,0.6,1,15,7,0.0,1,0,0,0,0.0,0.0,0.0,0,0,90,0,0,0,0.0,0.0,0.0,0.0,0.0,0.0,0.0
26,25-26-prem-arsenal-vs-sunderland,90,1,0,1,0.03,0.04,1,0,0,1,62,47,0.0,0.0,5,0,0.0,0,0.0,0,3,5,0,1,1,0,2,1,1,0.0,1,0.0,1,0,0,0,0.0,0.0,0,0,0,0.0,0,0,0,0,0.0,0.0,0.02,0,0,90,0,0,0,0.0,0.0,0.0,0.0,0.0,0.0,0.0
44,25-26-prem-afc-bournemouth-vs-aston-villa,4,0,0,0,0.0,0.01,0,0,0,0,6,4,0.0,0.0,0,0,0.0,0,0.0,0,0,0,0,0,0,0,2,0,1,0.0,1,0.0,0,0,0,0,0.0,0.0,0,0,0,0.0,0,0,0,0,0.0,0.0,0.0,1,0,90,1,0,0,0.0,0.0,0.0,0.0,0.0,0.0,0.0
405,25-26-efl-cup-newcastle-united-vs-manchester-city,45,0,0,1,0.03,0.01,0,0,0,3,50,40,0.0,0.0,8,0,0.0,0,0.0,0,0,3,0,3,2,0,2,0,1,0.0,1,0.0,0,0,0,0,0.0,0.0,0,0,0,0.0,0,0,0,0,0.0,0.0,0.0,1,0,0,1,0,0,0.0,0.0,0.0,0.0,0.0,0.0,0.0
82,25-26-efl-cup-newcastle-united-vs-manchester-city,71,0,0,1,0.03,0.12,0,1,0,7,30,14,0.0,2.0,1,0,0.0,0,0.0,0,0,3,0,1,1,1,3,6,3,0.0,0,0.0,1,1,0,0,0.0,0.0,0,0,0,0.0,0,0,0,0,0.0,0.0,0.0,1,0,0,1,0,0,0.0,0.0,0.0,0.0,0.0,0.0,0.0
417,25-26-efl-cup-newcastle-united-vs-manchester-city,18,0,0,1,0.04,0.31,0,2,0,1,31,19,0.0,2.0,3,0,0.0,0,0.0,0,0,1,0,0,0,0,2,1,2,0.0,0,0.0,0,0,0,0,0.0,0.0,0,0,0,0.0,0,0,0,0,0.0,0.0,0.0,0,0,90,1,0,0,0.0,0.0,0.0,0.0,0.0,0.0,0.0
423,25-26-efl-cup-newcastle-united-vs-manchester-city,83,0,0,1,0.02,0.05,1,0,0,1,94,68,0.0,0.0,10,0,0.0,1,0.0,0,1,1,0,1,0,1,10,4,7,0.0,3,0.0,1,2,0,0,0.0,0.0,0,0,0,0.0,0,0,0,0,0.0,0.0,0.01,6,0,0,1,0,0,0.0,0.0,0.0,0.0,0.0,0.0,0.0
486,25-26-efl-cup-newcastle-united-vs-manchester-city,45,1,0,4,0.67,0.0,1,2,1,3,19,4,0.0,0.0,0,0,0.0,0,0.0,0,0,0,0,0,0,1,4,3,4,0.0,0,0.0,1,1,0,0,0.0,0.0,0,0,0,0.0,0,0,0,0,0.0,0.0,0.74,1,0,90,3,0,0,0.0,0.0,0.0,0.0,0.0,0.0,0.0
489,25-26-efl-cup-newcastle-united-vs-manchester-city,45,0,0,0,0.0,0.01,0,0,0,0,22,8,0.0,1.0,3,0,0.0,1,0.0,0,1,6,0,1,1,1,0,4,0,0.0,0,0.0,0,2,0,0,0.0,0.0,0,0,0,0.0,0,0,0,0,0.0,0.0,0.0,0,0,90,3,0,0,0.0,0.0,0.0,0.0,0.0,0.0,0.0
674,25-26-efl-cup-newcastle-united-vs-manchester-city,90,0,0,0,0.0,0.0,0,0,0,0,44,20,0.0,0.0,7,0,0.0,4,0.0,0,0,12,0,2,0,0,0,0,0,0.0,0,0.0,0,0,5,3,2.86,-0.14,1,20,4,0.0,0,0,0,0,0.0,0.0,0.0,0,0,90,3,0,0,0.0,0.0,0.0,0.0,0.0,0.0,0.0
487,25-26-efl-cup-newcastle-united-vs-manchester-city,46,0,0,1,0.03,0.2,0,1,0,2,17,10,0.0,1.0,1,0,0.0,0,0.0,0,0,1,0,0,0,1,1,2,1,0.0,0,0.0,0,0,0,0,0.0,0.0,0,0,0,0.0,0,0,0,0,0.0,0.0,0.0,0,0,90,3,0,0,0.0,0.0,0.0,0.0,0.0,0.0,0.0
494,25-26-efl-cup-newcastle-united-vs-manchester-city,45,0,0,0,0.0,0.09,0,0,0,5,21,13,0.0,1.0,3,0,0.0,0,0.0,0,0,1,0,1,0,0,2,3,1,0.0,1,0.0,0,0,0,0,0.0,0.0,0,0,0,0.0,0,0,0,0,0.0,0.0,0.0,1,0,0,3,0,0,0.0,0.0,0.0,0.0,0.0,0.0,0.0
684,25-26-efl-cup-newcastle-united-vs-manchester-city,90,0,1,1,0.02,0.04,0,0,0,0,58,45,0.0,1.0,5,0,0.0,3,0.0,0,0,3,3,2,0,0,1,3,0,0.0,1,0.0,0,3,0,0,0.0,0.0,0,0,0,0.0,0,0,0,0,0.0,0.0,0.0,0,0,90,3,0,0,0.0,0.0,0.0,0.0,0.0,0.0,0.0
475,25-26-efl-cup-newcastle-united-vs-manchester-city,90,0,0,1,0.06,0.0,1,0,1,2,57,39,0.0,0.0,3,0,0.0,1,0.0,0,1,0,1,1,1,0,2,0,1,0.0,1,0.0,0,0,0,0,0.0,0.0,0,0,0,0.0,0,0,0,0,0.0,0.0,0.11,1,0,90,3,0,0,0.0,0.0,0.0,0.0,0.0,0.0,0.0
410,25-26-efl-cup-newcastle-united-vs-manchester-city,7,0,0,0,0.0,0.03,0,0,0,0,14,12,0.0,0.0,1,1,0.0,0,0.0,0,0,0,0,0,0,0,0,1,0,0.0,0,0.0,0,0,0,0,0.0,0.0,0,0,0,0.0,0,0,0,0,0.0,0.0,0.0,0,0,90,1,0,0,0.0,0.0,0.0,0.0,0.0,0.0,0.0
430,25-26-prem-liverpool-vs-manchester-city,90,1,1,3,1.25,0.31,3,0,1,9,23,6,0.0,3.0,1,0,0.0,0,0.0,0,0,0,0,1,1,2,5,7,2,0.0,3,0.0,2,1,0,0,0.0,0.0,0,0,0,0.0,0,0,0,0,0.0,0.0,1.24,0,0,90,1,1,0,0.0,0.0,0.0,0.0,0.0,0.0,0.0
416,25-26-prem-liverpool-vs-manchester-city,90,1,0,1,0.46,0.58,1,1,0,3,72,48,0.0,2.0,4,1,0.0,0,0.0,0,0,5,0,2,1,2,1,7,1,0.0,0,0.0,0,1,0,0,0.0,0.0,0,0,0,0.0,0,0,0,0,0.0,0.0,0.48,0,0,90,1,0,0,0.0,0.0,0.0,0.0,0.0,0.0,0.0
407,25-26-prem-liverpool-vs-manchester-city,90,0,0,0,0.0,0.06,0,0,0,1,72,43,0.0,1.0,6,1,0.0,3,0.0,0,0,6,0,7,4,0,5,2,4,0.0,1,0.0,3,0,0,0,0.0,0.0,0,0,0,0.0,0,0,0,0,0.0,0.0,0.0,1,0,90,1,0,0,0.0,0.0,0.0,0.0,0.0,0.0,0.0
421,25-26-prem-liverpool-vs-manchester-city,90,0,0,2,0.11,0.06,0,0,0,0,92,69,0.0,3.0,8,1,0.0,0,0.0,0,4,4,0,1,1,2,5,3,4,0.0,1,0.0,0,1,0,0,0.0,0.0,0,0,0,0.0,0,0,0,0,0.0,0.0,0.0,4,0,90,1,0,0,0.0,0.0,0.0,0.0,0.0,0.0,0.0
402,25-26-prem-liverpool-vs-manchester-city,90,0,0,2,0.24,0.17,1,1,0,3,67,39,0.0,1.0,4,0,0.0,0,0.0,0,2,7,0,2,0,0,5,2,4,0.0,1,0.0,2,1,0,0,0.0,0.0,0,0,0,0.0,0,0,0,0,0.0,0.0,0.15,1,0,90,1,0,0,0.0,0.0,0.0,0.0,0.0,0.0,0.0
260,25-26-prem-liverpool-vs-manchester-city,90,0,0,1,0.04,0.01,1,0,0,2,84,53,0.0,0.0,12,0,0.0,3,0.0,0,2,3,3,7,5,0,4,3,1,0.0,3,0.0,0,1,0,0,0.0,0.0,0,0,0,0.0,0,0,0,0,0.0,0.0,0.08,1,0,90,1,0,0,0.0,0.0,0.0,0.0,0.0,0.0,0.0
384,25-26-prem-liverpool-vs-manchester-city,85,0,0,0,0.0,0.3,0,3,0,3,30,14,0.0,3.0,1,0,0.0,0,0.0,0,1,4,0,1,1,0,6,2,5,0.0,1,0.0,0,1,0,0,0.0,0.0,0,0,0,0.0,0,0,0,0,0.0,0.0,0.0,2,0,0,1,0,0,0.0,0.0,0.0,0.0,0.0,0.0,0.0
374,25-26-prem-liverpool-vs-manchester-city,90,0,0,0,0.0,0.02,0,0,0,0,72,51,0.0,0.0,9,0,0.0,4,0.0,0,3,7,0,2,2,0,6,5,6,0.0,0,0.0,2,3,0,0,0.0,0.0,0,0,0,0.0,0,0,0,0,0.0,0.0,0.0,4,0,90,2,0,0,0.0,0.0,0.0,0.0,0.0,0.0,0.0
411,25-26-prem-liverpool-vs-manchester-city,90,0,0,0,0.0,0.01,0,1,0,0,50,25,0.0,0.0,5,0,0.0,0,0.0,0,0,2,0,0,0,1,9,8,8,0.0,1,0.0,2,4,0,0,0.0,0.0,0,0,0,0.0,0,0,0,0,0.0,0.0,0.0,5,0,90,1,0,0,0.0,0.0,0.0,0.0,0.0,0.0,0.0
387,25-26-prem-liverpool-vs-manchester-city,90,1,0,3,0.06,0.19,2,2,0,2,113,52,0.0,1.0,12,4,0.0,3,0.0,0,1,8,0,4,1,2,8,9,7,0.0,1,0.0,3,2,0,0,0.0,0.0,0,0,0,0.0,0,0,0,0,0.0,0.0,0.11,2,0,90,2,0,0,0.0,0.0,0.0,0.0,0.0,0.0,0.0
390,25-26-prem-liverpool-vs-manchester-city,90,0,0,1,0.02,0.03,0,1,0,0,63,33,0.0,1.0,4,0,0.0,2,0.0,0,0,6,1,2,1,0,9,5,8,0.0,1,0.0,5,1,0,0,0.0,0.0,0,0,0,0.0,0,0,0,0,0.0,0.0,0.0,2,0,90,2,0,0,0.0,0.0,0.0,0.0,0.0,0.0,0.0
82,25-26-prem-liverpool-vs-manchester-city,89,0,0,3,0.15,0.01,1,0,0,3,47,17,0.0,1.0,4,0,0.0,0,0.0,0,0,2,0,0,0,0,5,6,2,0.0,3,0.0,1,3,0,0,0.0,0.0,0,0,0,0.0,0,0,0,0,0.0,0.0,0.05,1,0,6,1,0,0,0.0,0.0,0.0,0.0,0.0,0.0,0.0
413,25-26-prem-liverpool-vs-manchester-city,61,0,0,2,0.08,0.05,0,0,0,3,25,15,0.0,3.0,0,0,0.0,0,0.0,0,0,1,0,0,0,0,2,4,2,0.0,0,0.0,2,3,0,0,0.0,0.0,0,0,0,0.0,0,0,0,0,0.0,0.0,0.0,0,0,0,1,0,0,0.0,0.0,0.0,0.0,0.0,0.0,0.0
406,25-26-prem-liverpool-vs-manchester-city,61,0,0,1,0.33,0.0,0,0,0,1,30,22,0.0,0.0,0,0,0.0,1,0.0,0,2,3,0,1,0,1,0,2,0,0.0,0,0.0,0,0,0,0,0.0,0.0,0,0,0,0.0,0,0,0,0,0.0,0.0,0.0,0,0,0,1,0,0,0.0,0.0,0.0,0.0,0.0,0.0,0.0
381,25-26-prem-liverpool-vs-manchester-city,90,0,0,5,0.33,0.4,0,0,0,9,39,16,0.0,2.0,1,0,0.0,1,0.0,0,1,2,0,0,0,0,2,3,2,0.0,0,0.0,1,1,0,0,0.0,0.0,0,0,0,0.0,0,0,0,0,0.0,0.0,0.0,1,0,90,2,0,0,0.0,0.0,0.0,0.0,0.0,0.0,0.0
373,25-26-prem-liverpool-vs-manchester-city,90,0,0,0,0.0,0.02,0,0,0,2,55,29,0.0,1.0,9,0,0.0,6,0.0,0,0,2,1,6,2,0,5,6,2,0.0,3,0.0,1,2,0,0,0.0,0.0,0,0,0,0.0,0,0,0,0,0.0,0.0,0.0,1,0,90,2,0,0,0.0,0.0,0.0,0.0,0.0,0.0,0.0
736,25-26-prem-liverpool-vs-manchester-city,90,0,0,0,0.0,0.0,0,0,0,0,51,26,0.0,0.0,2,0,0.0,11,0.0,0,0,9,0,5,0,0,3,0,0,0.0,3,0.0,0,0,3,1,0.34,-0.66,0,26,11,0.0,1,0,0,0,0.0,0.0,0.0,0,0,90,1,0,0,0.0,0.0,0.0,0.0,0.0,0.0,0.0
371,25-26-prem-liverpool-vs-manchester-city,89,0,0,0,0.0,0.02,0,1,0,0,40,15,0.0,0.0,5,2,0.0,0,0.0,0,0,3,1,3,0,0,3,3,3,0.0,0,0.0,0,1,0,0,0.0,0.0,0,0,0,0.0,0,0,0,0,0.0,0.0,0.0,2,0,4,2,0,0,0.0,0.0,0.0,0.0,0.0,0.0,0.0
408,25-26-prem-liverpool-vs-manchester-city,29,0,0,1,0.03,0.01,0,0,0,0,23,17,0.0,0.0,0,0,0.0,1,0.0,0,0,2,0,3,3,0,3,1,0,0.0,3,0.0,0,0,0,0,0.0,0.0,0,0,0,0.0,0,0,0,0,0.0,0.0,0.0,0,0,90,1,0,0,0.0,0.0,0.0,0.0,0.0,0.0,0.0
8,25-26-prem-arsenal-vs-sunderland,90,0,0,0,0.0,0.02,0,0,0,1,50,25,0.0,0.0,4,0,0.0,0,0.0,0,3,6,0,0,0,0,6,2,5,0.0,1,0.0,1,1,0,0,0.0,0.0,0,0,0,0.0,0,0,0,0,0.0,0.0,0.0,4,0,90,0,0,0,0.0,0.0,0.0,0.0,0.0,0.0,0.0
488,25-26-prem-newcastle-united-vs-brentford,90,1,1,1,0.79,0.27,1,0,0,3,70,39,0.0,3.0,12,2,0.0,2,0.0,0,0,8,0,1,0,0,5,6,5,0.0,0,0.0,4,3,0,0,0.0,0.0,0,0,0,0.0,0,0,0,0,0.0,0.0,0.82,1,0,90,3,1,0,0.0,0.0,0.0,0.0,0.0,0.0,0.0
125,25-26-prem-newcastle-united-vs-brentford,90,1,0,1,0.18,0.03,1,0,0,2,64,43,0.0,2.0,10,0,0.0,1,0.0,0,1,7,1,0,0,3,5,5,3,0.0,2,0.0,1,2,0,0,0.0,0.0,0,0,0,0.0,0,0,0,0,0.0,0.0,0.69,2,0,90,2,0,0,0.0,0.0,0.0,0.0,0.0,0.0,0.0
83,25-26-prem-newcastle-united-vs-brentford,90,1,1,2,0.22,0.31,1,2,1,8,36,15,0.0,2.0,5,1,0.0,0,0.0,0,0,3,0,2,0,1,4,8,2,0.0,2,0.0,0,3,0,0,0.0,0.0,0,0,0,0.0,0,0,0,0,0.0,0.0,0.05,0,0,90,2,0,0,0.0,0.0,0.0,0.0,0.0,0.0,0.0
475,25-26-prem-newcastle-united-vs-brentford,90,1,0,2,0.29,0.01,1,0,0,2,78,54,0.0,0.0,6,0,0.0,2,0.0,0,0,5,0,9,8,0,10,1,2,0.0,8,0.0,3,1,0,0,0.0,0.0,0,0,0,0.0,0,0,0,0,0.0,0.0,0.86,0,0,90,3,0,0,0.0,0.0,0.0,0.0,0.0,0.0,0.0
126,25-26-prem-newcastle-united-vs-brentford,87,0,1,4,0.48,0.22,1,2,1,2,49,27,0.0,1.0,7,0,0.0,1,0.0,0,0,6,0,0,0,1,3,3,3,0.0,0,0.0,0,1,0,0,0.0,0.0,0,0,0,0.0,0,0,0,0,0.0,0.0,0.03,1,0,0,2,0,0,0.0,0.0,0.0,0.0,0.0,0.0,0.0
136,25-26-prem-newcastle-united-vs-brentford,90,1,0,1,0.79,0.04,1,1,0,1,36,19,0.0,1.0,4,0,0.0,1,0.0,0,0,2,0,2,0,1,6,14,2,0.0,4,0.0,1,3,0,0,0.0,0.0,0,0,0,0.0,0,0,0,0,0.0,0.0,0.8,0,0,90,2,1,0,0.0,0.0,0.0,0.0,0.0,0.0,0.0
108,25-26-prem-newcastle-united-vs-brentford,90,0,0,0,0.0,0.01,0,0,0,2,49,29,0.0,0.0,5,0,0.0,0,0.0,0,1,5,1,7,3,0,5,3,3,0.0,2,0.0,0,2,0,0,0.0,0.0,0,0,0,0.0,0,0,0,0,0.0,0.0,0.0,3,0,90,2,0,0,0.0,0.0,0.0,0.0,0.0,0.0,0.0
491,25-26-prem-newcastle-united-vs-brentford,87,0,0,3,0.16,0.03,0,0,0,2,64,41,0.0,1.0,5,0,0.0,5,0.0,0,1,4,0,2,0,0,4,3,4,0.0,0,0.0,2,1,0,0,0.0,0.0,0,0,0,0.0,0,0,0,0,0.0,0.0,0.0,2,0,0,2,0,0,0.0,0.0,0.0,0.0,0.0,0.0,0.0
113,25-26-prem-newcastle-united-vs-brentford,90,0,0,0,0.0,0.0,0,0,0,0,41,31,0.0,0.0,1,0,0.0,0,0.0,0,0,5,1,2,2,0,4,3,2,0.0,2,0.0,1,1,0,0,0.0,0.0,0,0,0,0.0,0,0,0,0,0.0,0.0,0.0,1,0,90,2,0,0,0.0,0.0,0.0,0.0,0.0,0.0,0.0
124,25-26-prem-newcastle-united-vs-brentford,56,0,0,0,0.0,0.01,0,0,0,0,38,26,0.0,0.0,5,0,0.0,2,0.0,0,0,1,0,1,0,0,3,1,2,0.0,1,0.0,0,1,0,0,0.0,0.0,0,0,0,0.0,0,0,0,0,0.0,0.0,0.0,2,0,0,2,0,0,0.0,0.0,0.0,0.0,0.0,0.0,0.0
107,25-26-prem-newcastle-united-vs-brentford,80,0,0,2,0.1,0.02,0,0,0,5,29,8,0.0,0.0,2,0,0.0,0,0.0,0,1,4,0,1,0,0,4,4,3,0.0,1,0.0,2,1,0,0,0.0,0.0,0,0,0,0.0,0,0,0,0,0.0,0.0,0.0,1,0,0,2,0,0,0.0,0.0,0.0,0.0,0.0,0.0,0.0
109,25-26-prem-newcastle-united-vs-brentford,90,0,0,0,0.0,0.01,0,0,0,0,40,17,0.0,1.0,5,0,0.0,0,0.0,0,0,2,0,1,0,1,2,2,2,0.0,0,0.0,1,1,0,0,0.0,0.0,0,0,0,0.0,0,0,0,0,0.0,0.0,0.0,1,0,90,2,0,0,0.0,0.0,0.0,0.0,0.0,0.0,0.0
684,25-26-prem-newcastle-united-vs-brentford,90,0,0,2,0.19,0.07,1,0,1,1,64,43,0.0,0.0,8,0,0.0,1,0.0,0,0,6,1,8,4,0,8,3,1,0.0,7,0.0,1,0,0,0,0.0,0.0,0,0,0,0.0,0,0,0,0,0.0,0.0,0.07,0,0,90,3,0,0,0.0,0.0,0.0,0.0,0.0,0.0,0.0
101,25-26-prem-newcastle-united-vs-brentford,90,0,0,0,0.0,0.0,0,0,0,0,47,23,0.0,0.0,12,0,0.0,13,0.0,0,0,6,0,2,0,0,1,0,0,0.0,1,0.0,0,0,1,2,1.75,-0.25,0,23,13,0.0,0,0,0,0,0.0,0.0,0.0,0,0,90,2,0,0,0.0,0.0,0.0,0.0,0.0,0.0,0.0
473,25-26-prem-newcastle-united-vs-brentford,90,0,0,1,0.02,0.02,0,5,0,2,76,35,0.0,1.0,8,0,0.0,5,0.0,0,1,6,1,4,1,2,10,9,8,0.0,2,0.0,3,3,0,0,0.0,0.0,0,0,0,0.0,0,0,0,0,0.0,0.0,0.0,0,0,90,3,0,0,0.0,0.0,0.0,0.0,0.0,0.0,0.0
494,25-26-prem-newcastle-united-vs-brentford,45,0,0,0,0.0,0.0,0,1,0,0,22,10,0.0,0.0,0,0,0.0,0,0.0,0,1,4,0,0,0,1,4,4,4,0.0,0,0.0,0,1,0,0,0.0,0.0,0,0,0,0.0,0,0,0,0,0.0,0.0,0.0,3,0,0,2,0,0,0.0,0.0,0.0,0.0,0.0,0.0,0.0
486,25-26-prem-newcastle-united-vs-brentford,45,0,0,1,0.04,0.56,0,1,0,4,24,14,0.0,3.0,1,1,0.0,1,0.0,0,0,1,0,0,0,1,1,3,1,0.0,0,0.0,0,1,0,0,0.0,0.0,0,0,0,0.0,0,0,0,0,0.0,0.0,0.0,0,0,90,3,0,0,0.0,0.0,0.0,0.0,0.0,0.0,0.0
129,25-26-prem-newcastle-united-vs-brentford,34,0,0,0,0.0,0.0,0,0,0,0,25,11,0.0,0.0,2,0,0.0,0,0.0,0,0,4,1,1,1,0,3,2,3,0.0,0,0.0,0,0,0,0,0.0,0.0,0,0,0,0.0,0,0,0,0,0.0,0.0,0.0,3,0,90,2,0,0,0.0,0.0,0.0,0.0,0.0,0.0,0.0
714,25-26-prem-newcastle-united-vs-brentford,45,0,0,1,0.06,0.02,0,1,0,1,17,9,0.0,0.0,2,0,0.0,0,0.0,0,0,2,0,0,0,0,4,1,2,0.0,2,0.0,1,0,0,0,0.0,0.0,0,0,0,0.0,0,0,0,0,0.0,0.0,0.0,0,0,90,3,0,0,0.0,0.0,0.0,0.0,0.0,0.0,0.0
130,25-26-prem-newcastle-united-vs-brentford,10,0,0,1,0.02,0.0,1,1,0,1,11,3,0.0,0.0,0,0,0.0,0,0.0,0,0,1,0,0,0,1,3,4,3,0.0,0,0.0,2,2,0,0,0.0,0.0,0,0,0,0.0,0,0,0,0,0.0,0.0,0.05,0,0,90,2,0,0,0.0,0.0,0.0,0.0,0.0,0.0,0.0
110,25-26-prem-newcastle-united-vs-brentford,90,0,0,0,0.0,0.03,0,0,0,0,56,27,0.0,0.0,6,1,0.0,2,0.0,0,0,4,0,3,2,1,6,8,5,0.0,1,0.0,4,1,0,0,0.0,0.0,0,0,0,0.0,0,0,0,0,0.0,0.0,0.0,1,0,90,2,0,0,0.0,0.0,0.0,0.0,0.0,0.0,0.0
487,25-26-prem-newcastle-united-vs-brentford,90,0,0,3,0.34,0.04,0,0,1,3,32,18,0.0,0.0,2,0,0.0,0,0.0,0,0,5,0,1,0,0,1,4,1,0.0,0,0.0,0,2,0,0,0.0,0.0,0,0,0,0.0,0,0,0,0,0.0,0.0,0.0,1,0,90,3,0,0,0.0,0.0,0.0,0.0,0.0,0.0,0.0
135,25-26-prem-newcastle-united-vs-brentford,65,0,0,1,0.32,0.13,1,1,1,2,16,5,0.0,0.0,1,0,0.0,1,0.0,0,0,1,1,0,0,0,1,5,1,0.0,0,0.0,0,1,0,0,0.0,0.0,0,0,0,0.0,0,0,0,0,0.0,0.0,0.0,0,0,0,2,0,0,0.0,0.0,0.0,0.0,0.0,0.0,0.0
478,25-26-prem-newcastle-united-vs-brentford,87,0,0,0,0.0,0.08,0,0,0,0,69,40,0.0,2.0,9,1,0.0,4,0.0,0,1,3,0,3,1,2,4,6,2,0.0,2,0.0,2,0,0,0,0.0,0.0,0,0,0,0.0,0,0,0,0,0.0,0.0,0.0,0,0,0,2,0,0,0.0,0.0,0.0,0.0,0.0,0.0,0.0
500,25-26-prem-newcastle-united-vs-brentford,25,0,0,0,0.0,0.01,0,1,0,1,10,4,0.0,0.0,0,0,0.0,0,0.0,0,0,1,0,0,0,0,1,3,1,0.0,0,0.0,0,0,0,0,0.0,0.0,0,0,0,0.0,0,0,0,0,0.0,0.0,0.0,0,0,90,3,0,0,0.0,0.0,0.0,0.0,0.0,0.0,0.0
489,25-26-prem-newcastle-united-vs-brentford,45,0,0,1,0.03,0.0,0,0,0,3,23,9,0.0,1.0,5,0,0.0,1,0.0,0,0,1,0,1,1,0,1,1,1,0.0,0,0.0,1,1,0,0,0.0,0.0,0,0,0,0.0,0,0,0,0,0.0,0.0,0.0,0,0,0,2,0,0,0.0,0.0,0.0,0.0,0.0,0.0,0.0
469,25-26-prem-newcastle-united-vs-brentford,90,0,0,0,0.0,0.0,0,0,0,0,42,20,0.0,0.0,5,0,0.0,6,0.0,0,0,11,0,1,0,0,0,0,0,0.0,0,0.0,0,0,3,3,1.63,-1.37,0,20,6,0.0,0,0,0,0,0.0,0.0,0.0,0,0,90,3,0,0,0.0,0.0,0.0,0.0,0.0,0.0,0.0
476,25-26-prem-newcastle-united-vs-brentford,3,0,0,0,0.0,0.0,0,0,0,0,10,6,0.0,0.0,1,0,0.0,0,0.0,0,0,0,0,1,1,0,3,0,1,0.0,2,0.0,0,0,0,0,0.0,0.0,0,0,0,0.0,0,0,0,0,0.0,0.0,0.0,1,0,90,3,0,0,0.0,0.0,0.0,0.0,0.0,0.0,0.0
121,25-26-prem-newcastle-united-vs-brentford,3,0,0,0,0.0,0.03,0,0,0,0,10,7,0.0,1.0,0,0,0.0,0,0.0,0,0,3,0,0,0,1,0,2,0,0.0,0,0.0,0,0,0,0,0.0,0.0,0,0,0,0.0,0,0,0,0,0.0,0.0,0.0,0,0,90,2,0,0,0.0,0.0,0.0,0.0,0.0,0.0,0.0
52,25-26-prem-newcastle-united-vs-brentford,3,0,0,0,0.0,0.0,0,0,0,0,7,4,0.0,0.0,0,0,0.0,0,0.0,0,0,0,0,0,0,0,2,0,2,0.0,0,0.0,1,0,0,0,0.0,0.0,0,0,0,0.0,0,0,0,0,0.0,0.0,0.0,1,0,90,3,0,0,0.0,0.0,0.0,0.0,0.0,0.0,0.0
720,25-26-prem-wolverhampton-wanderers-vs-chelsea,90,1,0,3,0.54,0.0,2,1,0,7,30,10,0.0,0.0,1,0,0.0,0,0.0,0,0,0,0,0,0,0,5,4,1,0.0,4,0.0,0,0,0,0,0.0,0.0,0,0,0,0.0,0,0,0,0,0.0,0.0,0.5,0,0,90,3,0,0,0.0,0.0,0.0,0.0,0.0,0.0,0.0
356,25-26-prem-leeds-united-vs-nottingham-forest,90,0,2,2,0.29,0.43,1,1,1,3,58,44,0.0,4.0,5,1,0.0,1,0.0,0,1,4,1,2,2,2,2,3,2,0.0,0,0.0,1,0,0,0,0.0,0.0,0,0,0,0.0,0,0,0,0,0.0,0.0,0.2,0,0,90,1,0,0,0.0,0.0,0.0,0.0,0.0,0.0,0.0
706,25-26-prem-leeds-united-vs-nottingham-forest,90,0,1,2,0.14,0.59,1,1,0,3,81,45,0.0,4.0,5,3,0.0,1,0.0,0,2,0,0,2,1,0,8,2,5,0.0,3,0.0,2,1,0,0,0.0,0.0,0,0,0,0.0,0,0,0,0,0.0,0.0,0.15,2,0,90,1,0,0,0.0,0.0,0.0,0.0,0.0,0.0,0.0
698,25-26-prem-leeds-united-vs-nottingham-forest,82,1,0,3,0.77,0.07,1,2,1,3,40,18,0.0,0.0,5,0,0.0,3,0.0,0,0,3,0,1,0,3,6,6,6,0.0,0,0.0,1,1,0,0,0.0,0.0,0,0,0,0.0,0,0,0,0,0.0,0.0,0.98,3,0,0,1,0,0,0.0,0.0,0.0,0.0,0.0,0.0,0.0
691,25-26-prem-leeds-united-vs-nottingham-forest,90,1,0,2,0.33,0.01,1,0,1,6,29,10,0.0,0.0,1,0,0.0,0,0.0,0,0,0,0,4,2,1,4,8,0,0.0,4,0.0,0,0,0,0,0.0,0.0,0,0,0,0.0,0,0,0,0,0.0,0.0,0.74,0,0,90,1,0,0,0.0,0.0,0.0,0.0,0.0,0.0,0.0
457,25-26-prem-manchester-united-vs-tottenham-hotspur,87,0,0,4,0.25,0.42,3,0,1,4,95,64,0.0,2.0,9,0,0.0,2,0.0,0,2,3,1,0,0,2,2,4,2,0.0,0,0.0,1,0,0,0,0.0,0.0,0,0,0,0.0,0,0,0,0,0.0,0.0,0.42,1,0,0,0,0,0,0.0,0.0,0.0,0.0,0.0,0.0,0.0
565,25-26-prem-manchester-united-vs-tottenham-hotspur,90,0,0,0,0.0,0.0,0,0,0,0,57,21,0.0,0.0,5,0,0.0,5,0.0,0,0,13,0,0,0,0,2,0,2,0.0,0,0.0,1,0,8,2,1.49,-0.51,1,21,5,0.0,3,0,0,0,0.0,0.0,0.0,1,0,90,2,0,0,0.0,0.0,0.0,0.0,0.0,0.0,0.0
253,25-26-prem-brighton-hove-albion-vs-crystal-palace,90,0,0,0,0.0,0.0,0,0,0,0,49,17,0.0,0.0,21,0,0.0,10,0.0,0,0,12,0,1,0,0,0,0,0,0.0,0,0.0,0,0,2,0,0.24,0.0,2,17,10,0.0,0,0,0,0,0.0,0.0,0.0,0,0,90,0,0,0,0.0,0.0,0.0,0.0,0.0,0.0,0.0
257,25-26-prem-brighton-hove-albion-vs-crystal-palace,90,0,0,1,0.27,0.13,1,0,0,5,54,28,0.0,0.0,2,0,0.0,0,0.0,0,2,6,2,7,2,0,9,4,6,0.0,3,0.0,2,1,0,0,0.0,0.0,0,0,0,0.0,0,0,0,0,0.0,0.0,0.2,4,0,90,0,0,0,0.0,0.0,0.0,0.0,0.0,0.0,0.0
272,25-26-prem-brighton-hove-albion-vs-crystal-palace,90,0,0,0,0.0,0.03,0,1,0,5,58,21,0.0,0.0,3,0,0.0,3,0.0,0,1,5,0,9,6,1,12,9,7,0.0,5,0.0,2,1,0,0,0.0,0.0,0,0,0,0.0,0,0,0,0,0.0,0.0,0.0,4,0,90,0,0,0,0.0,0.0,0.0,0.0,0.0,0.0,0.0
143,25-26-prem-brighton-hove-albion-vs-crystal-palace,90,0,0,0,0.0,0.05,0,1,0,0,106,79,0.0,0.0,7,0,0.0,6,0.0,0,3,10,0,5,5,0,9,3,6,0.0,3,0.0,2,2,0,0,0.0,0.0,0,0,0,0.0,0,0,0,0,0.0,0.0,0.0,3,0,90,1,0,0,0.0,0.0,0.0,0.0,0.0,0.0,0.0
270,25-26-prem-brighton-hove-albion-vs-crystal-palace,77,0,0,0,0.0,0.35,0,1,0,0,46,25,0.0,2.0,5,3,0.0,1,0.0,0,1,4,0,3,0,0,5,2,4,0.0,1,0.0,2,2,0,0,0.0,0.0,0,0,0,0.0,0,0,0,0,0.0,0.0,0.0,1,0,0,0,0,0,0.0,0.0,0.0,0.0,0.0,0.0,0.0
326,25-26-prem-burnley-vs-west-ham-united,1,0,0,0,0.0,0.0,0,0,0,0,1,1,0.0,0.0,1,0,0.0,0,0.0,0,0,0,0,0,0,0,0,0,0,0.0,0,0.0,0,0,0,0,0.0,0.0,0,0,0,0.0,0,0,0,0,0.0,0.0,0.0,0,2,90,0,0,0,0.0,0.0,0.0,0.0,0.0,0.0,0.0
659,25-26-prem-burnley-vs-west-ham-united,1,0,0,0,0.0,0.0,0,0,0,0,5,1,0.0,0.0,0,0,0.0,0,0.0,0,1,1,0,0,0,0,0,1,0,0.0,0,0.0,0,0,0,0,0.0,0.0,0,0,0,0.0,0,0,0,0,0.0,0.0,0.0,0,2,90,0,0,0,0.0,0.0,0.0,0.0,0.0,0.0,0.0
7,25-26-prem-arsenal-vs-sunderland,67,0,0,1,0.03,0.02,0,1,0,1,31,17,0.0,0.0,2,0,0.0,1,0.0,0,0,1,0,2,2,0,6,6,3,0.0,3,0.0,0,3,0,0,0.0,0.0,0,0,0,0.0,0,0,0,0,0.0,0.0,0.0,2,0,0,0,0,0,0.0,0.0,0.0,0.0,0.0,0.0,0.0
532,25-26-prem-arsenal-vs-sunderland,85,0,0,0,0.0,0.01,0,0,0,1,49,19,0.0,0.0,5,0,0.0,0,0.0,0,1,2,1,2,1,1,5,4,3,0.0,2,0.0,2,0,0,0,0.0,0.0,0,0,0,0.0,0,0,0,0,0.0,0.0,0.0,1,0,0,2,0,0,0.0,0.0,0.0,0.0,0.0,0.0,0.0
266,25-26-prem-arsenal-vs-sunderland,23,0,0,2,0.06,0.01,0,0,0,3,14,7,0.0,0.0,0,0,0.0,0,0.0,0,0,2,0,0,0,0,2,1,2,0.0,0,0.0,1,1,0,0,0.0,0.0,0,0,0,0.0,0,0,0,0,0.0,0.0,0.0,1,0,90,0,0,0,0.0,0.0,0.0,0.0,0.0,0.0,0.0
246,25-26-prem-wolverhampton-wanderers-vs-chelsea,84,0,0,0,0.0,0.15,0,0,0,0,82,68,0.0,1.0,5,0,0.0,1,0.0,0,0,1,0,1,1,2,4,2,4,0.0,0,0.0,2,0,0,0,0.0,0.0,0,0,0,0.0,0,0,0,0,0.0,0.0,0.0,2,0,0,1,0,0,0.0,0.0,0.0,0.0,0.0,0.0,0.0
749,25-26-prem-wolverhampton-wanderers-vs-chelsea,90,0,0,3,0.14,0.08,0,3,0,2,49,18,0.0,1.0,8,3,0.0,1,0.0,0,0,4,0,2,2,1,6,5,5,0.0,1,0.0,1,0,0,0,0.0,0.0,0,0,0,0.0,0,0,0,0,0.0,0.0,0.0,1,0,90,3,0,0,0.0,0.0,0.0,0.0,0.0,0.0,0.0
228,25-26-prem-wolverhampton-wanderers-vs-chelsea,75,0,0,1,0.18,0.21,1,0,1,2,76,52,0.0,2.0,10,1,0.0,0,0.0,0,0,1,0,0,0,1,6,3,6,0.0,0,0.0,0,1,0,0,0.0,0.0,0,0,0,0.0,0,0,0,0,0.0,0.0,0.25,6,0,0,1,0,0,0.0,0.0,0.0,0.0,0.0,0.0,0.0
342,25-26-prem-leeds-united-vs-nottingham-forest,89,1,0,1,0.64,0.03,1,0,0,3,59,32,0.0,0.0,1,1,0.0,0,0.0,0,1,1,0,1,1,0,5,6,5,0.0,0,0.0,0,1,0,0,0.0,0.0,0,0,0,0.0,0,0,0,0,0.0,0.0,0.87,5,0,6,1,0,0,0.0,0.0,0.0,0.0,0.0,0.0,0.0
341,25-26-prem-leeds-united-vs-nottingham-forest,90,0,0,0,0.0,0.0,0,0,0,0,51,28,0.0,0.0,9,0,0.0,5,0.0,0,0,8,0,1,0,0,0,0,0,0.0,0,0.0,0,0,5,1,1.49,0.49,1,28,5,0.0,0,0,0,0,0.0,0.0,0.0,0,0,90,1,0,0,0.0,0.0,0.0,0.0,0.0,0.0,0.0
347,25-26-prem-leeds-united-vs-nottingham-forest,90,0,0,0,0.0,0.1,0,5,0,3,59,22,0.0,1.0,8,2,0.0,1,0.0,0,0,2,0,3,2,2,11,8,11,0.0,0,0.0,1,2,0,0,0.0,0.0,0,0,0,0.0,0,0,0,0,0.0,0.0,0.0,5,0,90,1,0,0,0.0,0.0,0.0,0.0,0.0,0.0,0.0
343,25-26-prem-leeds-united-vs-nottingham-forest,90,0,0,1,0.11,0.01,0,0,1,1,94,68,0.0,0.0,4,0,0.0,2,0.0,0,0,3,2,12,9,0,7,3,2,0.0,5,0.0,1,2,0,0,0.0,0.0,0,0,0,0.0,0,0,0,0,0.0,0.0,0.0,1,0,90,1,0,0,0.0,0.0,0.0,0.0,0.0,0.0,0.0
442,25-26-prem-manchester-united-vs-tottenham-hotspur,90,0,0,0,0.0,0.02,0,0,0,0,71,56,0.0,0.0,8,0,0.0,0,0.0,0,0,2,2,4,1,0,3,1,1,0.0,2,0.0,1,0,0,0,0.0,0.0,0,0,0,0.0,0,0,0,0,0.0,0.0,0.0,0,0,90,0,0,0,0.0,0.0,0.0,0.0,0.0,0.0,0.0
443,25-26-prem-manchester-united-vs-tottenham-hotspur,87,0,0,2,0.22,0.05,1,0,0,2,68,44,0.0,0.0,3,0,0.0,0,0.0,0,0,4,0,0,0,0,8,3,3,0.0,5,0.0,0,2,0,0,0.0,0.0,0,0,0,0.0,0,0,0,0,0.0,0.0,0.04,3,0,0,0,0,0,0.0,0.0,0.0,0.0,0.0,0.0,0.0
261,25-26-prem-brighton-hove-albion-vs-crystal-palace,90,0,0,0,0.0,0.03,0,0,0,1,49,23,0.0,0.0,2,0,0.0,1,0.0,0,0,1,0,7,3,0,5,1,2,0.0,3,0.0,0,0,0,0,0.0,0.0,0,0,0,0.0,0,0,0,0,0.0,0.0,0.0,2,0,90,0,0,0,0.0,0.0,0.0,0.0,0.0,0.0,0.0
258,25-26-prem-brighton-hove-albion-vs-crystal-palace,90,0,0,0,0.0,0.01,0,2,0,0,43,14,0.0,0.0,6,0,0.0,0,0.0,0,3,6,0,0,0,1,4,3,4,0.0,0,0.0,0,0,0,0,0.0,0.0,0,0,0,0.0,0,0,0,0,0.0,0.0,0.0,2,0,90,0,0,0,0.0,0.0,0.0,0.0,0.0,0.0,0.0
677,25-26-prem-brighton-hove-albion-vs-crystal-palace,34,0,1,0,0.0,0.04,0,2,0,1,16,6,0.0,1.0,1,0,0.0,0,0.0,0,0,1,0,0,0,0,5,4,4,0.0,1,0.0,0,1,0,0,0.0,0.0,0,0,0,0.0,0,0,0,0,0.0,0.0,0.0,2,0,90,0,0,0,0.0,0.0,0.0,0.0,0.0,0.0,0.0
256,25-26-prem-brighton-hove-albion-vs-crystal-palace,90,0,0,0,0.0,0.12,0,0,0,3,48,20,0.0,2.0,2,0,0.0,1,0.0,0,2,3,0,4,2,0,3,3,3,0.0,0,0.0,0,1,0,0,0.0,0.0,0,0,0,0.0,0,0,0,0,0.0,0.0,0.0,3,0,90,0,0,0,0.0,0.0,0.0,0.0,0.0,0.0,0.0
783,25-26-prem-brighton-hove-albion-vs-crystal-palace,90,0,0,0,0.0,0.19,0,0,0,0,104,77,0.0,2.0,9,1,0.0,6,0.0,0,0,6,0,2,2,0,6,2,4,0.0,2,0.0,2,0,0,0,0.0,0.0,0,0,0,0.0,0,0,0,0,0.0,0.0,0.0,2,0,90,1,0,0,0.0,0.0,0.0,0.0,0.0,0.0,0.0
267,25-26-prem-brighton-hove-albion-vs-crystal-palace,88,1,0,2,0.51,0.01,1,1,0,2,34,13,0.0,0.0,3,0,0.0,0,0.0,0,0,4,0,0,0,0,3,6,3,0.0,0,0.0,2,0,0,0,0.0,0.0,0,0,0,0.0,0,0,0,0,0.0,0.0,0.4,0,0,0,0,0,0,0.0,0.0,0.0,0.0,0.0,0.0,0.0
146,25-26-prem-brighton-hove-albion-vs-crystal-palace,90,0,0,2,0.15,0.01,0,0,0,3,112,84,0.0,0.0,14,0,0.0,2,0.0,0,0,6,0,10,6,0,9,7,3,0.0,6,0.0,0,1,0,0,0.0,0.0,0,0,0,0.0,0,0,0,0,0.0,0.0,0.0,3,0,90,1,0,0,0.0,0.0,0.0,0.0,0.0,0.0,0.0
273,25-26-prem-brighton-hove-albion-vs-crystal-palace,90,0,0,1,0.03,0.02,0,0,0,2,41,16,0.0,0.0,6,0,0.0,2,0.0,0,1,4,0,1,0,0,6,3,4,0.0,2,0.0,3,0,0,0,0.0,0.0,0,0,0,0.0,0,0,0,0,0.0,0.0,0.0,1,0,90,0,0,0,0.0,0.0,0.0,0.0,0.0,0.0,0.0
167,25-26-prem-brighton-hove-albion-vs-crystal-palace,71,0,0,0,0.0,0.01,0,1,0,0,41,23,0.0,1.0,1,0,0.0,2,0.0,0,0,1,0,2,1,0,4,2,3,0.0,1,0.0,0,1,0,0,0.0,0.0,0,0,0,0.0,0,0,0,0,0.0,0.0,0.0,2,0,0,1,0,0,0.0,0.0,0.0,0.0,0.0,0.0,0.0
139,25-26-prem-brighton-hove-albion-vs-crystal-palace,90,0,0,0,0.0,0.0,0,0,0,0,51,32,0.0,0.0,6,0,0.0,5,0.0,0,0,8,0,1,0,0,0,1,0,0.0,0,0.0,0,0,3,1,0.87,0.0,1,32,5,0.0,0,0,0,0,0.0,0.0,0.0,0,0,90,1,0,0,0.0,0.0,0.0,0.0,0.0,0.0,0.0
187,25-26-prem-burnley-vs-west-ham-united,90,0,0,0,0.0,0.02,0,1,0,0,76,44,0.0,0.0,12,0,0.0,2,0.0,0,0,2,0,3,2,0,3,0,3,0.0,0,0.0,2,0,0,0,0.0,0.0,0,0,0,0.0,0,0,0,0,0.0,0.0,0.0,0,0,90,2,0,0,0.0,0.0,0.0,0.0,0.0,0.0,0.0
209,25-26-prem-burnley-vs-west-ham-united,45,0,0,1,0.02,0.03,0,0,0,1,31,17,0.0,0.0,5,1,0.0,2,0.0,0,0,1,0,4,0,0,1,1,0,0.0,1,0.0,0,1,0,0,0.0,0.0,0,0,0,0.0,0,0,0,0,0.0,0.0,0.0,0,0,90,2,0,0,0.0,0.0,0.0,0.0,0.0,0.0,0.0
217,25-26-prem-burnley-vs-west-ham-united,23,0,0,0,0.0,0.01,0,1,0,0,15,9,0.0,0.0,0,0,0.0,1,0.0,0,0,0,0,0,0,0,2,1,2,0.0,0,0.0,0,0,0,0,0.0,0.0,0,0,0,0.0,0,0,0,0,0.0,0.0,0.0,1,0,90,2,0,0,0.0,0.0,0.0,0.0,0.0,0.0,0.0
623,25-26-prem-burnley-vs-west-ham-united,33,0,0,0,0.0,0.0,0,0,0,0,16,8,0.0,0.0,1,0,0.0,0,0.0,0,0,1,0,3,2,0,1,3,1,0.0,0,0.0,1,1,0,0,0.0,0.0,0,0,0,0.0,0,0,0,0,0.0,0.0,0.0,0,0,90,0,0,0,0.0,0.0,0.0,0.0,0.0,0.0,0.0
5,25-26-prem-arsenal-vs-sunderland,90,0,0,0,0.0,0.01,0,0,0,0,56,46,0.0,0.0,7,0,0.0,6,0.0,0,0,1,0,6,4,0,4,1,1,0.0,3,0.0,0,1,0,0,0.0,0.0,0,0,0,0.0,0,0,0,0,0.0,0.0,0.0,1,0,90,0,0,0,0.0,0.0,0.0,0.0,0.0,0.0,0.0
6,25-26-prem-arsenal-vs-sunderland,90,0,0,0,0.0,0.02,0,0,0,0,72,48,0.0,0.0,3,1,0.0,2,0.0,0,1,4,0,9,5,1,6,5,3,0.0,3,0.0,2,2,0,0,0.0,0.0,0,0,0,0.0,0,0,0,0,0.0,0.0,0.0,1,0,90,0,0,0,0.0,0.0,0.0,0.0,0.0,0.0,0.0
19,25-26-prem-arsenal-vs-sunderland,30,0,1,1,0.04,0.26,1,4,0,5,17,4,0.0,1.0,2,0,0.0,0,0.0,0,0,1,0,1,0,0,5,3,5,0.0,0,0.0,0,1,0,0,0.0,0.0,0,0,0,0.0,0,0,0,0,0.0,0.0,0.03,1,0,90,0,0,0,0.0,0.0,0.0,0.0,0.0,0.0,0.0
31,25-26-prem-arsenal-vs-sunderland,60,0,0,1,0.01,0.03,1,0,0,2,17,6,0.0,0.0,0,0,0.0,0,0.0,0,0,2,0,0,0,0,0,3,0,0.0,0,0.0,0,0,0,0,0.0,0.0,0,0,0,0.0,0,0,0,0,0.0,0.0,0.01,0,0,0,0,0,0,0.0,0.0,0.0,0.0,0.0,0.0,0.0
237,25-26-prem-wolverhampton-wanderers-vs-chelsea,90,0,0,3,0.59,0.43,1,0,1,4,93,67,0.0,3.0,12,1,0.0,1,0.0,0,0,5,0,1,0,1,2,7,1,0.0,1,0.0,1,2,0,0,0.0,0.0,0,0,0,0.0,0,0,0,0,0.0,0.0,0.48,0,0,90,1,0,0,0.0,0.0,0.0,0.0,0.0,0.0,0.0
226,25-26-prem-wolverhampton-wanderers-vs-chelsea,90,0,0,0,0.0,0.01,0,0,0,0,112,97,0.0,0.0,1,0,0.0,1,0.0,0,3,3,1,6,2,2,4,5,1,0.0,3,0.0,0,0,0,0,0.0,0.0,0,0,0,0.0,0,0,0,0,0.0,0.0,0.0,1,0,90,1,0,0,0.0,0.0,0.0,0.0,0.0,0.0,0.0
646,25-26-prem-wolverhampton-wanderers-vs-chelsea,89,0,0,0,0.0,0.1,0,1,0,0,56,41,0.0,0.0,4,0,0.0,2,0.0,0,0,4,0,0,0,1,5,3,5,0.0,0,0.0,0,0,0,0,0.0,0.0,0,0,0,0.0,0,0,0,0,0.0,0.0,0.0,4,0,1,3,0,0,0.0,0.0,0.0,0.0,0.0,0.0,0.0
628,25-26-prem-wolverhampton-wanderers-vs-chelsea,90,0,0,0,0.0,0.0,0,0,0,0,44,29,0.0,0.0,3,0,0.0,2,0.0,0,0,9,0,2,0,0,0,0,0,0.0,0,0.0,0,0,3,3,3.03,0.03,3,29,2,0.0,0,0,0,0,0.0,0.0,0.0,0,0,90,3,0,0,0.0,0.0,0.0,0.0,0.0,0.0,0.0
635,25-26-prem-wolverhampton-wanderers-vs-chelsea,45,0,0,1,0.15,0.03,1,1,0,5,23,10,0.0,1.0,1,0,0.0,0,0.0,0,2,0,0,1,1,0,2,1,1,0.0,1,0.0,0,0,0,0,0.0,0.0,0,0,0,0.0,0,0,0,0,0.0,0.0,0.2,0,0,90,3,0,0,0.0,0.0,0.0,0.0,0.0,0.0,0.0
233,25-26-prem-wolverhampton-wanderers-vs-chelsea,15,0,0,0,0.0,0.01,0,0,0,0,26,19,0.0,0.0,1,0,0.0,0,0.0,0,1,1,0,2,2,0,1,0,1,0.0,0,0.0,0,0,0,0,0.0,0.0,0,0,0,0.0,0,0,0,0,0.0,0.0,0.0,1,0,90,1,0,0,0.0,0.0,0.0,0.0,0.0,0.0,0.0
642,25-26-prem-wolverhampton-wanderers-vs-chelsea,43,0,0,0,0.0,0.0,0,0,0,0,13,4,0.0,0.0,0,0,0.0,0,0.0,0,1,2,0,2,1,1,3,3,3,0.0,0,0.0,3,1,0,0,0.0,0.0,0,0,0,0.0,0,0,0,0,0.0,0.0,0.0,0,0,0,3,0,0,0.0,0.0,0.0,0.0,0.0,0.0,0.0
644,25-26-prem-wolverhampton-wanderers-vs-chelsea,11,0,0,0,0.0,0.02,0,0,0,0,11,9,0.0,1.0,0,0,0.0,1,0.0,0,0,0,0,0,0,0,0,2,0,0.0,0,0.0,0,1,0,0,0.0,0.0,0,0,0,0.0,0,0,0,0,0.0,0.0,0.0,0,0,90,3,0,0,0.0,0.0,0.0,0.0,0.0,0.0,0.0
632,25-26-prem-wolverhampton-wanderers-vs-chelsea,45,0,0,0,0.0,0.0,0,1,0,0,30,14,0.0,0.0,2,0,0.0,3,0.0,0,2,2,1,2,2,1,2,4,1,0.0,1,0.0,0,1,0,0,0.0,0.0,0,0,0,0.0,0,0,0,0,0.0,0.0,0.0,0,0,0,3,0,0,0.0,0.0,0.0,0.0,0.0,0.0,0.0
709,25-26-prem-wolverhampton-wanderers-vs-chelsea,47,0,0,0,0.0,0.0,0,0,0,0,29,23,0.0,0.0,2,0,0.0,1,0.0,0,0,5,0,1,0,0,0,3,0,0.0,0,0.0,0,1,0,0,0.0,0.0,0,0,0,0.0,0,0,0,0,0.0,0.0,0.0,0,0,90,3,0,0,0.0,0.0,0.0,0.0,0.0,0.0,0.0
672,25-26-prem-wolverhampton-wanderers-vs-chelsea,6,0,0,0,0.0,0.03,0,0,0,0,13,10,0.0,0.0,0,0,0.0,0,0.0,0,1,2,0,0,0,0,1,1,1,0.0,0,0.0,0,1,0,0,0.0,0.0,0,0,0,0.0,0,0,0,0,0.0,0.0,0.0,1,0,90,1,0,0,0.0,0.0,0.0,0.0,0.0,0.0,0.0
354,25-26-prem-leeds-united-vs-nottingham-forest,90,0,0,0,0.0,0.03,0,0,0,0,64,42,0.0,1.0,4,0,0.0,4,0.0,0,1,1,0,3,2,0,6,1,2,0.0,4,0.0,0,1,0,0,0.0,0.0,0,0,0,0.0,0,0,0,0,0.0,0.0,0.0,2,0,90,1,0,0,0.0,0.0,0.0,0.0,0.0,0.0,0.0
693,25-26-prem-leeds-united-vs-nottingham-forest,36,0,1,0,0.0,0.22,0,2,0,0,23,7,0.0,2.0,0,3,0.0,0,0.0,0,0,1,0,0,0,1,3,3,3,0.0,0,0.0,1,0,0,0,0.0,0.0,0,0,0,0.0,0,0,0,0,0.0,0.0,0.0,0,0,90,3,0,0,0.0,0.0,0.0,0.0,0.0,0.0,0.0
350,25-26-prem-leeds-united-vs-nottingham-forest,78,0,0,2,0.21,0.04,0,2,0,3,52,18,0.0,1.0,1,0,0.0,0,0.0,0,0,7,0,0,0,0,10,7,10,0.0,0,0.0,6,0,0,0,0.0,0.0,0,0,0,0.0,0,0,0,0,0.0,0.0,0.0,2,0,0,1,0,0,0.0,0.0,0.0,0.0,0.0,0.0,0.0
515,25-26-prem-leeds-united-vs-nottingham-forest,67,0,0,2,0.08,0.03,1,3,0,2,31,15,0.0,3.0,3,0,0.0,0,0.0,0,0,2,0,0,0,0,5,3,5,0.0,0,0.0,2,1,0,0,0.0,0.0,0,0,0,0.0,0,0,0,0,0.0,0.0,0.55,0,0,0,3,0,0,0.0,0.0,0.0,0.0,0.0,0.0,0.0
348,25-26-prem-leeds-united-vs-nottingham-forest,90,0,0,1,0.03,0.08,0,0,0,2,89,66,0.0,0.0,4,0,0.0,0,0.0,0,0,3,1,7,5,0,4,2,2,0.0,2,0.0,0,0,0,0,0.0,0.0,0,0,0,0.0,0,0,0,0,0.0,0.0,0.0,2,0,90,1,0,0,0.0,0.0,0.0,0.0,0.0,0.0,0.0
511,25-26-prem-leeds-united-vs-nottingham-forest,90,0,0,1,0.43,0.01,0,1,1,1,61,31,0.0,0.0,6,0,0.0,2,0.0,0,3,8,1,5,5,0,4,3,3,0.0,1,0.0,0,0,0,0,0.0,0.0,0,0,0,0.0,0,0,0,0,0.0,0.0,0.0,2,0,90,3,0,0,0.0,0.0,0.0,0.0,0.0,0.0,0.0
517,25-26-prem-leeds-united-vs-nottingham-forest,90,0,0,0,0.0,0.21,0,2,0,3,98,56,0.0,3.0,13,3,0.0,4,0.0,0,1,7,1,0,0,2,9,10,6,0.0,3,0.0,0,3,0,0,0.0,0.0,0,0,0,0.0,0,0,0,0,0.0,0.0,0.0,4,0,90,3,0,0,0.0,0.0,0.0,0.0,0.0,0.0,0.0
669,25-26-prem-leeds-united-vs-nottingham-forest,23,0,0,1,0.07,0.26,0,0,0,2,21,4,0.0,2.0,0,1,0.0,0,0.0,0,0,2,0,0,0,0,4,6,2,0.0,2,0.0,1,0,0,0,0.0,0.0,0,0,0,0.0,0,0,0,0,0.0,0.0,0.0,1,0,90,3,0,0,0.0,0.0,0.0,0.0,0.0,0.0,0.0
526,25-26-prem-leeds-united-vs-nottingham-forest,54,0,0,2,0.09,0.01,1,0,0,4,15,6,0.0,0.0,0,0,0.0,1,0.0,0,0,0,0,0,0,0,4,7,2,0.0,2,0.0,1,0,0,0,0.0,0.0,0,0,0,0.0,0,0,0,0,0.0,0.0,0.01,1,0,0,3,0,0,0.0,0.0,0.0,0.0,0.0,0.0,0.0
522,25-26-prem-leeds-united-vs-nottingham-forest,23,0,0,1,0.02,0.01,0,0,0,1,10,4,0.0,1.0,0,0,0.0,0,0.0,0,0,0,0,0,0,1,1,2,1,0.0,0,0.0,1,0,0,0,0.0,0.0,0,0,0,0.0,0,0,0,0,0.0,0.0,0.0,0,0,90,3,0,0,0.0,0.0,0.0,0.0,0.0,0.0,0.0
519,25-26-prem-leeds-united-vs-nottingham-forest,54,0,0,2,0.19,0.01,1,0,0,2,29,19,0.0,0.0,1,0,0.0,0,0.0,0,0,2,2,0,0,5,1,6,1,0.0,0,0.0,0,0,0,0,0.0,0.0,0,0,0,0.0,0,0,0,0,0.0,0.0,0.44,1,0,0,3,0,0,0.0,0.0,0.0,0.0,0.0,0.0,0.0
521,25-26-prem-leeds-united-vs-nottingham-forest,90,0,0,3,0.13,0.08,1,0,0,3,45,26,0.0,1.0,3,0,0.0,1,0.0,0,2,4,0,1,0,1,6,6,4,0.0,2,0.0,1,3,0,0,0.0,0.0,0,0,0,0.0,0,0,0,0,0.0,0.0,0.08,3,0,90,3,0,0,0.0,0.0,0.0,0.0,0.0,0.0,0.0
516,25-26-prem-leeds-united-vs-nottingham-forest,67,0,0,1,0.11,0.06,1,1,0,1,26,13,0.0,0.0,1,2,0.0,1,0.0,0,0,0,0,1,0,1,1,5,1,0.0,0,0.0,0,2,0,0,0.0,0.0,0,0,0,0.0,0,0,0,0,0.0,0.0,0.16,0,0,0,3,0,0,0.0,0.0,0.0,0.0,0.0,0.0,0.0
505,25-26-prem-leeds-united-vs-nottingham-forest,90,0,0,0,0.0,0.0,0,0,0,2,40,24,0.0,0.0,5,0,0.0,5,0.0,0,1,2,0,6,3,0,3,1,0,0.0,3,0.0,0,0,0,0,0.0,0.0,0,0,0,0.0,0,0,0,0,0.0,0.0,0.0,0,0,90,3,0,0,0.0,0.0,0.0,0.0,0.0,0.0,0.0
353,25-26-prem-leeds-united-vs-nottingham-forest,12,0,0,0,0.0,0.01,0,0,0,3,5,3,0.0,0.0,0,0,0.0,0,0.0,0,0,1,0,0,0,1,0,2,0,0.0,0,0.0,0,0,0,0,0.0,0.0,0,0,0,0.0,0,0,0,0,0.0,0.0,0.0,0,0,90,1,0,0,0.0,0.0,0.0,0.0,0.0,0.0,0.0
513,25-26-prem-leeds-united-vs-nottingham-forest,76,0,0,0,0.0,0.01,0,1,0,0,48,19,0.0,0.0,4,1,0.0,0,0.0,0,1,7,1,0,0,0,5,5,2,0.0,3,0.0,0,2,0,0,0.0,0.0,0,0,0,0.0,0,0,0,0,0.0,0.0,0.0,1,0,0,3,0,0,0.0,0.0,0.0,0.0,0.0,0.0,0.0
507,25-26-prem-leeds-united-vs-nottingham-forest,90,0,0,2,0.07,0.0,0,0,0,0,60,23,0.0,0.0,8,0,0.0,1,0.0,0,0,4,0,5,3,0,3,2,2,0.0,1,0.0,1,0,0,0,0.0,0.0,0,0,0,0.0,0,0,0,0,0.0,0.0,0.0,1,0,90,3,0,0,0.0,0.0,0.0,0.0,0.0,0.0,0.0
493,25-26-prem-leeds-united-vs-nottingham-forest,8,0,0,0,0.0,0.0,0,0,0,0,4,2,0.0,0.0,1,0,0.0,0,0.0,0,0,0,0,0,0,1,0,4,0,0.0,0,0.0,0,1,0,0,0.0,0.0,0,0,0,0.0,0,0,0,0,0.0,0.0,0.0,0,0,90,1,0,0,0.0,0.0,0.0,0.0,0.0,0.0,0.0
345,25-26-prem-leeds-united-vs-nottingham-forest,1,0,0,0,0.0,0.0,0,0,0,0,0,0,0.0,0.0,0,0,0.0,0,0.0,0,0,0,0,0,0,0,0,0,0,0.0,0,0.0,0,0,0,0,0.0,0.0,0,0,0,0.0,0,0,0,0,0.0,0.0,0.0,0,6,90,0,0,0,0.0,0.0,0.0,0.0,0.0,0.0,0.0
717,25-26-prem-manchester-united-vs-tottenham-hotspur,90,0,0,2,0.1,0.17,0,3,0,2,70,40,0.0,1.0,6,2,0.0,4,0.0,0,2,2,1,0,0,1,7,5,7,0.0,0,0.0,2,0,0,0,0.0,0.0,0,0,0,0.0,0,0,0,0,0.0,0.0,0.0,2,0,90,2,0,0,0.0,0.0,0.0,0.0,0.0,0.0,0.0
796,25-26-prem-manchester-united-vs-tottenham-hotspur,80,0,0,1,0.16,0.07,1,0,1,2,41,23,0.0,1.0,5,1,0.0,0,0.0,0,2,2,1,2,2,1,4,3,3,0.0,1,0.0,2,2,0,0,0.0,0.0,0,0,0,0.0,0,0,0,0,0.0,0.0,0.19,1,0,0,2,0,0,0.0,0.0,0.0,0.0,0.0,0.0,0.0
572,25-26-prem-manchester-united-vs-tottenham-hotspur,58,0,0,0,0.0,0.0,0,0,0,0,30,18,0.0,0.0,1,0,0.0,0,0.0,0,2,2,0,2,2,1,2,1,1,0.0,1,0.0,0,0,0,0,0.0,0.0,0,0,0,0.0,0,0,0,0,0.0,0.0,0.0,1,0,90,2,0,0,0.0,0.0,0.0,0.0,0.0,0.0,0.0
574,25-26-prem-manchester-united-vs-tottenham-hotspur,55,0,0,0,0.0,0.12,0,0,0,0,33,15,0.0,1.0,2,1,0.0,0,0.0,0,0,2,0,1,1,0,5,2,5,0.0,0,0.0,2,1,0,0,0.0,0.0,0,0,0,0.0,0,0,0,0,0.0,0.0,0.0,3,0,0,2,0,0,0.0,0.0,0.0,0.0,0.0,0.0,0.0
575,25-26-prem-manchester-united-vs-tottenham-hotspur,90,0,0,1,0.14,0.0,0,1,0,2,60,34,0.0,0.0,2,0,0.0,2,0.0,0,1,2,2,4,1,1,3,2,3,0.0,0,0.0,1,1,0,0,0.0,0.0,0,0,0,0.0,0,0,0,0,0.0,0.0,0.0,1,0,90,2,0,0,0.0,0.0,0.0,0.0,0.0,0.0,0.0
593,25-26-prem-manchester-united-vs-tottenham-hotspur,90,0,0,1,0.04,0.08,0,1,0,2,60,37,0.0,0.0,3,0,0.0,1,0.0,0,0,4,0,6,0,0,3,6,3,0.0,0,0.0,2,3,0,0,0.0,0.0,0,0,0,0.0,0,0,0,0,0.0,0.0,0.0,0,0,90,2,0,0,0.0,0.0,0.0,0.0,0.0,0.0,0.0
681,25-26-prem-manchester-united-vs-tottenham-hotspur,15,0,0,1,0.2,0.0,1,1,1,3,4,0,0.0,0.0,0,0,0.0,0,0.0,0,0,0,0,0,0,0,1,1,1,0.0,0,0.0,0,1,0,0,0.0,0.0,0,0,0,0.0,0,0,0,0,0.0,0.0,0.08,0,0,90,0,0,0,0.0,0.0,0.0,0.0,0.0,0.0,0.0
584,25-26-prem-manchester-united-vs-tottenham-hotspur,10,0,0,1,0.02,0.0,0,1,0,1,8,3,0.0,0.0,0,0,0.0,1,0.0,0,0,2,0,0,0,0,1,2,1,0.0,0,0.0,0,0,0,0,0.0,0.0,0,0,0,0.0,0,0,0,0,0.0,0.0,0.0,0,0,90,2,0,0,0.0,0.0,0.0,0.0,0.0,0.0,0.0
726,25-26-prem-manchester-united-vs-tottenham-hotspur,10,0,0,0,0.0,0.0,0,0,0,0,4,1,0.0,0.0,0,0,0.0,0,0.0,0,0,1,0,0,0,0,1,2,1,0.0,0,0.0,0,0,0,0,0.0,0.0,0,0,0,0.0,0,0,0,0,0.0,0.0,0.0,1,0,90,2,0,0,0.0,0.0,0.0,0.0,0.0,0.0,0.0
569,25-26-prem-manchester-united-vs-tottenham-hotspur,29,0,0,0,0.0,0.02,0,0,0,1,19,12,0.0,0.0,2,0,0.0,1,0.0,0,0,2,1,2,0,0,2,2,1,0.0,1,0.0,0,2,0,0,0.0,0.0,0,0,0,0.0,0,0,0,0,0.0,0.0,0.0,1,0,90,2,0,0,0.0,0.0,0.0,0.0,0.0,0.0,0.0
178,25-26-prem-brighton-hove-albion-vs-crystal-palace,19,0,0,0,0.0,0.0,0,0,0,0,7,3,0.0,0.0,0,0,0.0,0,0.0,0,0,1,0,1,1,0,2,0,1,0.0,1,0.0,0,0,0,0,0.0,0.0,0,0,0,0.0,0,0,0,0,0.0,0.0,0.0,1,0,90,1,0,0,0.0,0.0,0.0,0.0,0.0,0.0,0.0
145,25-26-prem-brighton-hove-albion-vs-crystal-palace,71,0,0,2,0.21,0.0,1,0,1,1,63,43,0.0,0.0,9,0,0.0,3,0.0,0,0,6,0,1,0,1,0,3,0,0.0,0,0.0,0,0,0,0,0.0,0.0,0,0,0,0.0,0,0,0,0,0.0,0.0,0.01,0,0,0,1,0,0,0.0,0.0,0.0,0.0,0.0,0.0,0.0
148,25-26-prem-brighton-hove-albion-vs-crystal-palace,90,0,0,0,0.0,0.02,0,0,0,2,65,44,0.0,0.0,4,0,0.0,3,0.0,0,0,6,0,4,3,1,1,2,0,0.0,1,0.0,0,0,0,0,0.0,0.0,0,0,0,0.0,0,0,0,0,0.0,0.0,0.0,0,0,90,1,0,0,0.0,0.0,0.0,0.0,0.0,0.0,0.0
169,25-26-prem-brighton-hove-albion-vs-crystal-palace,19,0,0,0,0.0,0.0,0,0,0,0,10,4,0.0,0.0,1,0,0.0,0,0.0,0,0,1,0,1,1,1,4,3,1,0.0,3,0.0,0,2,0,0,0.0,0.0,0,0,0,0.0,0,0,0,0,0.0,0.0,0.0,1,0,90,1,0,0,0.0,0.0,0.0,0.0,0.0,0.0,0.0
712,25-26-prem-brighton-hove-albion-vs-crystal-palace,56,0,0,0,0.0,0.01,0,0,0,1,20,14,0.0,0.0,2,0,0.0,3,0.0,0,0,1,0,0,0,1,1,2,1,0.0,0,0.0,0,0,0,0,0.0,0.0,0,0,0,0.0,0,0,0,0,0.0,0.0,0.0,1,0,0,0,0,0,0.0,0.0,0.0,0.0,0.0,0.0,0.0
157,25-26-prem-brighton-hove-albion-vs-crystal-palace,90,0,0,0,0.0,0.25,0,1,0,2,51,25,0.0,1.0,2,1,0.0,1,0.0,0,0,4,0,1,0,0,6,6,4,0.0,2,0.0,2,0,0,0,0.0,0.0,0,0,0,0.0,0,0,0,0,0.0,0.0,0.0,1,0,90,1,0,0,0.0,0.0,0.0,0.0,0.0,0.0,0.0
160,25-26-prem-brighton-hove-albion-vs-crystal-palace,19,0,0,0,0.0,0.0,0,0,0,0,12,4,0.0,0.0,0,0,0.0,0,0.0,0,0,2,0,0,0,0,2,2,1,0.0,1,0.0,1,0,0,0,0.0,0.0,0,0,0,0.0,0,0,0,0,0.0,0.0,0.0,0,0,90,1,0,0,0.0,0.0,0.0,0.0,0.0,0.0,0.0
271,25-26-prem-brighton-hove-albion-vs-crystal-palace,13,0,0,0,0.0,0.0,0,0,0,0,11,5,0.0,0.0,0,0,0.0,0,0.0,0,0,3,0,0,0,1,1,2,1,0.0,0,0.0,0,0,0,0,0.0,0.0,0,0,0,0.0,0,0,0,0,0.0,0.0,0.0,1,0,90,0,0,0,0.0,0.0,0.0,0.0,0.0,0.0,0.0
654,25-26-prem-brighton-hove-albion-vs-crystal-palace,90,0,0,3,0.36,0.04,2,0,0,5,41,14,0.0,0.0,5,0,0.0,1,0.0,0,0,3,0,1,1,1,3,14,1,0.0,2,0.0,1,3,0,0,0.0,0.0,0,0,0,0.0,0,0,0,0,0.0,0.0,0.26,0,0,90,0,0,0,0.0,0.0,0.0,0.0,0.0,0.0,0.0
181,25-26-prem-brighton-hove-albion-vs-crystal-palace,82,0,0,2,0.36,0.01,1,0,0,2,46,21,0.0,0.0,3,0,0.0,0,0.0,0,0,4,0,3,2,1,2,10,2,0.0,0,0.0,0,1,0,0,0.0,0.0,0,0,0,0.0,0,0,0,0,0.0,0.0,0.23,2,0,0,1,0,0,0.0,0.0,0.0,0.0,0.0,0.0,0.0
158,25-26-prem-brighton-hove-albion-vs-crystal-palace,82,0,0,1,0.03,0.0,0,1,0,3,36,5,0.0,0.0,3,0,0.0,0,0.0,0,0,1,0,0,0,0,4,10,4,0.0,0,0.0,1,5,0,0,0.0,0.0,0,0,0,0.0,0,0,0,0,0.0,0.0,0.0,2,0,0,1,0,0,0.0,0.0,0.0,0.0,0.0,0.0,0.0
164,25-26-prem-brighton-hove-albion-vs-crystal-palace,8,0,0,0,0.0,0.0,0,0,0,0,9,5,0.0,0.0,1,0,0.0,1,0.0,0,0,0,0,0,0,1,1,1,1,0.0,0,0.0,1,0,0,0,0.0,0.0,0,0,0,0.0,0,0,0,0,0.0,0.0,0.0,0,0,90,1,0,0,0.0,0.0,0.0,0.0,0.0,0.0,0.0
580,25-26-prem-brighton-hove-albion-vs-crystal-palace,2,0,0,0,0.0,0.0,0,0,0,0,1,1,0.0,0.0,0,0,0.0,0,0.0,0,0,0,0,0,0,0,0,0,0,0.0,0,0.0,0,0,0,0,0.0,0.0,0,0,0,0.0,0,0,0,0,0.0,0.0,0.0,0,0,90,0,0,0,0.0,0.0,0.0,0.0,0.0,0.0,0.0
163,25-26-prem-brighton-hove-albion-vs-crystal-palace,8,0,0,0,0.0,0.0,0,0,0,0,9,8,0.0,0.0,0,0,0.0,1,0.0,0,0,1,0,1,0,0,0,0,0,0.0,0,0.0,0,0,0,0,0.0,0.0,0,0,0,0.0,0,0,0,0,0.0,0.0,0.0,0,0,90,1,0,0,0.0,0.0,0.0,0.0,0.0,0.0,0.0
18,25-26-prem-arsenal-vs-sunderland,60,0,0,1,0.02,0.02,0,0,0,5,29,9,0.0,0.0,0,0,0.0,1,0.0,0,0,3,0,0,0,1,3,6,3,0.0,0,0.0,0,2,0,0,0.0,0.0,0,0,0,0.0,0,0,0,0,0.0,0.0,0.0,3,0,0,0,0,0,0.0,0.0,0.0,0.0,0.0,0.0,0.0
544,25-26-prem-arsenal-vs-sunderland,90,0,0,1,0.04,0.02,1,0,0,2,42,26,0.0,0.0,1,1,0.0,0,0.0,0,0,2,0,2,1,0,5,2,4,0.0,1,0.0,4,1,0,0,0.0,0.0,0,0,0,0.0,0,0,0,0,0.0,0.0,0.17,0,0,90,3,0,0,0.0,0.0,0.0,0.0,0.0,0.0,0.0
683,25-26-prem-arsenal-vs-sunderland,90,0,0,1,0.0,0.0,0,2,0,0,68,43,0.0,0.0,8,0,0.0,3,0.0,0,1,6,0,7,5,1,7,4,3,0.0,4,0.0,1,1,0,0,0.0,0.0,0,0,0,0.0,0,0,0,0,0.0,0.0,0.0,0,0,90,3,0,0,0.0,0.0,0.0,0.0,0.0,0.0,0.0
694,25-26-prem-arsenal-vs-sunderland,90,0,0,1,0.02,0.01,0,0,0,1,56,25,0.0,0.0,7,0,0.0,3,0.0,0,0,3,0,2,0,0,7,1,5,0.0,2,0.0,0,1,0,0,0.0,0.0,0,0,0,0.0,0,0,0,0,0.0,0.0,0.0,5,0,90,3,0,0,0.0,0.0,0.0,0.0,0.0,0.0,0.0
548,25-26-prem-arsenal-vs-sunderland,26,0,0,0,0.0,0.0,0,0,0,1,11,3,0.0,0.0,0,0,0.0,0,0.0,0,0,0,0,1,1,0,2,0,2,0.0,0,0.0,1,0,0,0,0.0,0.0,0,0,0,0.0,0,0,0,0,0.0,0.0,0.0,1,0,90,3,0,0,0.0,0.0,0.0,0.0,0.0,0.0,0.0
724,25-26-prem-arsenal-vs-sunderland,19,0,0,0,0.0,0.0,0,0,0,0,18,17,0.0,0.0,2,0,0.0,0,0.0,0,0,1,0,0,0,0,0,0,0,0.0,0,0.0,0,0,0,0,0.0,0.0,0,0,0,0.0,0,0,0,0,0.0,0.0,0.0,0,0,90,3,0,0,0.0,0.0,0.0,0.0,0.0,0.0,0.0
725,25-26-prem-arsenal-vs-sunderland,23,0,0,0,0.0,0.0,0,0,0,0,13,6,0.0,0.0,0,0,0.0,0,0.0,0,0,1,0,0,0,0,0,0,0,0.0,0,0.0,0,0,0,0,0.0,0.0,0,0,0,0.0,0,0,0,0,0.0,0.0,0.0,0,0,90,0,0,0,0.0,0.0,0.0,0.0,0.0,0.0,0.0
730,25-26-prem-arsenal-vs-sunderland,85,0,0,1,0.08,0.02,1,0,1,2,26,11,0.0,1.0,1,0,0.0,0,0.0,0,0,4,1,0,0,0,4,6,3,0.0,1,0.0,2,3,0,0,0.0,0.0,0,0,0,0.0,0,0,0,0,0.0,0.0,0.0,1,0,0,2,0,0,0.0,0.0,0.0,0.0,0.0,0.0,0.0
531,25-26-prem-arsenal-vs-sunderland,90,0,0,0,0.0,0.01,0,1,0,3,69,44,0.0,1.0,12,0,0.0,2,0.0,0,0,5,0,6,6,0,6,7,3,0.0,3,0.0,0,0,0,0,0.0,0.0,0,0,0,0.0,0,0,0,0,0.0,0.0,0.0,2,0,90,3,0,0,0.0,0.0,0.0,0.0,0.0,0.0,0.0
553,25-26-prem-arsenal-vs-sunderland,64,0,0,1,0.04,0.0,1,0,0,2,18,11,0.0,0.0,1,0,0.0,1,0.0,0,0,3,0,1,1,0,0,3,0,0.0,0,0.0,0,0,0,0,0.0,0.0,0,0,0,0.0,0,0,0,0,0.0,0.0,0.43,0,0,0,2,0,0,0.0,0.0,0.0,0.0,0.0,0.0,0.0
552,25-26-prem-arsenal-vs-sunderland,71,0,0,0,0.0,0.01,0,0,0,1,48,32,0.0,1.0,0,0,0.0,0,0.0,0,1,2,0,1,0,0,3,4,2,0.0,1,0.0,0,0,0,0,0.0,0.0,0,0,0,0.0,0,0,0,0,0.0,0.0,0.0,2,0,0,2,0,0,0.0,0.0,0.0,0.0,0.0,0.0,0.0
547,25-26-prem-arsenal-vs-sunderland,90,0,0,0,0.0,0.06,0,0,0,0,51,28,0.0,0.0,0,0,0.0,2,0.0,0,2,3,1,1,1,1,2,5,2,0.0,0,0.0,1,2,0,0,0.0,0.0,0,0,0,0.0,0,0,0,0,0.0,0.0,0.0,1,0,90,3,0,0,0.0,0.0,0.0,0.0,0.0,0.0,0.0
541,25-26-prem-arsenal-vs-sunderland,90,0,0,0,0.0,0.0,0,2,0,0,60,34,0.0,0.0,2,0,0.0,2,0.0,0,1,3,1,4,2,2,3,8,2,0.0,1,0.0,0,0,0,0,0.0,0.0,0,0,0,0.0,0,0,0,0,0.0,0.0,0.0,0,0,90,3,0,0,0.0,0.0,0.0,0.0,0.0,0.0,0.0
670,25-26-prem-arsenal-vs-sunderland,90,0,0,0,0.0,0.01,0,0,0,0,60,31,0.0,0.0,19,0,0.0,6,0.0,0,0,12,0,3,0,0,1,0,0,0.0,1,0.0,0,0,2,3,1.23,-1.77,1,31,6,0.0,0,0,0,0,0.0,0.0,0.0,0,0,90,3,0,0,0.0,0.0,0.0,0.0,0.0,0.0,0.0
24,25-26-prem-arsenal-vs-sunderland,1,0,0,0,0.0,0.0,0,0,0,0,1,0,0.0,0.0,0,0,0.0,0,0.0,0,0,0,0,1,0,0,0,0,0,0.0,0,0.0,0,0,0,0,0.0,0.0,0,0,0,0.0,0,0,0,0,0.0,0.0,0.0,0,0,90,0,0,0,0.0,0.0,0.0,0.0,0.0,0.0,0.0
560,25-26-prem-arsenal-vs-sunderland,5,0,0,0,0.0,0.0,0,0,0,0,2,1,0.0,0.0,0,0,0.0,0,0.0,0,0,0,0,0,0,0,0,1,0,0.0,0,0.0,0,0,0,0,0.0,0.0,0,0,0,0.0,0,0,0,0,0.0,0.0,0.0,0,0,90,3,0,0,0.0,0.0,0.0,0.0,0.0,0.0,0.0
